"id"	"patent_id"	"address_id"	"date_occupation"	"comment"
1	1	1261	1853	
2	36	1262		
3	11	1263	1861	
4	11	1264	1861	
5	28	1265		
6	1	1266	1857	
7	14	1267	1866	
8	14	3806	1866	
9	21	1124	1837	
10	12	1268		
11	24	1269	1854	
12	30	1270	1855	
13	36	1271		
14	14	1272		
15	34	18		
16	26	1273		
17	19	1274	1850	
18	13	1275		
19	19	1276	1856	
20	30	1277		
21	11	1278	1869	
22	1	1279	1851	
23	18	1032		
24	19	1280	1857	
25	29	1281		
26	10	1282		
27	1	1283		
28	25	1284	1854	
29	32	1285		
30	1	1286	1854	
31	1	168	1852	
32	36	1287		
33	37	1288		
34	40	1289		
35	42	1290	1837	
36	43	1291	1856	
37	48	1292	1854	
38	51	1293		
39	51	1712		
40	53	1294		
41	56	1295		
42	57	1296		
43	59	1297		
44	67	1298		
45	68	1299	1866	
46	68	1300		"exproprié"
47	69	1301		
48	70	1302		
49	71	1303	"1861;1870"	
50	72	1304		
51	75	694	1831	
52	78	1305	1827	
53	79	17	1854	
54	79	1306	1857	
55	82	1307		
56	83	1308	1840	
57	83	26	1851	
58	83	1309		
59	83	1310	1852	
60	86	1311	1848	
61	86	1312	1850	
62	86	1313	1860	
63	86	1314	1860	
64	87	3	1839	
65	88	3	1849	
66	88	1106	1860	
67	88	1315		
68	89	1316		
69	89	3527		
70	91	1317		
71	95	1318		
72	96	1319	1829	
73	96	1320		
74	96	1321	1832	
75	97	1322		
76	99	28	1831	
77	102	1323		
78	103	1324	1853	
79	103	1325	1854	
80	104	1326	1856	
81	104	1327	1874	
82	104	1328		
83	104	1329		
84	104	1330	1898	
85	105	1331	1873	
86	105	1332	1882	
87	105	1333	1882	
88	105	1334	1893	
89	106	1335	1846	
90	106	1336		
91	106	317	1849	
92	106	1337	1856	
93	107	27	1837	
94	109	1338		
95	110	1339	1873	
96	110	1340	1865	
97	110	1341	1854	
98	110	1342	1853	
99	111	1343		
100	112	1344	1856	
101	112	1345	1855	
102	112	1346	1849	
103	112	1347	1839	
104	112	1348	1837	
105	113	1349		
106	114	1350	1847	
107	117	1351		
108	117	1352	1836	
109	117	1353	1841	
110	117	1354	1841	
111	117	1044	1844	
112	118	1355		
113	121	1356		
114	122	1357	1849	
115	124	1358		
116	125	1359		
117	127	1360		
118	130	1361		
119	132	1362		
120	134	1363	1858	
121	134	1364	1858	
122	134	1365	1852	
123	134	1315		
124	134	748	1845	
125	134	1366	1844	
126	134	1367	1843	
127	135	1368	1825	
128	135	30		
129	135	469	1827	
130	136	1369		
131	137	1370	1873	
132	137	1371	1872	
133	137	1372	1869	
134	138	1373	1844	
135	142	1374	1860	
136	145	1375	1859	
137	146	1376		
138	147	1377	1854	
139	147	1378	1854	
140	150	1379	1849	
141	151	1380	1840	"librairie"
142	151	2230	1840	"librairie"
143	151	1381	1844	
144	151	1382	1844	"imprimerie"
145	152	1383	1845	
146	153	1384	1839	
147	153	2880	1839	
148	153	878	1853	
149	154	1384	1834	
150	154	2880	1834	
151	157	1385		
152	159	1386		
153	164	1387		
154	166	1388		
155	167	1389		
156	167	1769		
157	167	1390		
158	169	1391		
159	171	1392	1854	
160	171	1393	1841	
161	172	1394	1866	
162	173	1395		
163	174	1396	1841	
164	174	1397	"1844-07"	
165	174	1398		
166	174	1399	1863	
167	174	1400	1867	
168	175	1401	"1858-04"	
169	175	1402	"1857-04"	
170	175	1403	1855	
171	177	1404		
172	179	98		
173	181	1405		
174	183	1406	"1854-1861"	
175	184	1407		
176	185	1408		
177	186	1409		
178	192	1410		
179	193	1411		
180	194	1412		
181	196	1413		
182	197	1414		
183	200	1415		
184	203	1416		
185	203	1417		
186	205	1418		
187	206	1419	1866	
188	206	1420		
189	206	1421	1863	
190	206	1422	1858	
191	206	1423	1853	
192	206	1179	1850	
193	206	40	1847	
194	207	1424	1875	
195	208	1425	1855	
196	208	41	1855	
197	208	1426	1853	
198	210	1427		
199	214	1428		
200	215	1429		
201	215	1430		
202	217	1431	"1855-04"	
203	217	26	1854	
204	218	1432		
205	223	1433		
206	226	1434		
207	229	1435		
208	229	81		
209	229	80	1836	
210	230	1436		"Palais de justice"
211	231	1437		
212	233	1438	1842	
213	234	1439	1845	
214	236	1440		
215	238	1441		1866
216	238	1442		
217	239	1443		
218	240	1444		
219	241	1445		
220	245	1446		
221	245	1447		
222	247	1448		
223	247	1449	1852	
224	247	1450	"1866;1908"	
225	249	1451		
226	250	1452		
227	251	1453	1850	
228	251	1454	"1850-11"	
229	252	1455	"1861-1890"	
230	252	1456		
231	253	1457		
232	253	1458	1862	"exproprié en 1862"
233	253	1459	1862	
234	253	1460	1857	"commerce"
235	253	1461	1862	"dépôt des marchandises"
236	254	1462		
237	254	1463	1866	
238	257	1464		
239	258	1465	1854	
240	258	1466	"1851-10"	
241	258	1467	1849	
242	258	1468	1851	
243	258	42	1854	"pour la lithographie seule"
244	260	1469		
245	260	1889		
246	260	3157		
247	262	1470		
248	264	1471	1854	
249	264	1472	1851	
250	264	1473	1849	
251	264	1474	1849	
252	264	997	1846	
253	264	1475	1844	
254	265	1476		
255	266	1477	1871	
256	270	1478		
257	271	51		
258	272	1479	1869	
259	272	1480	"1878-1885"	
260	273	1481		
261	277	1482	1872	
262	277	1483	1861	
263	278	54		
264	279	1484		
265	282	1485		
266	283	1486		
267	284	57		
268	285	1487		
269	286	1488		
270	287	1489	1869	
271	287	1490	1869	
272	287	1491	1868	
273	288	1492		
274	289	1493	1861	
275	290	1494		
276	290	1495	1845	"cabinet d’affaires"
277	291	1496	1842	
278	291	1497	1845	
279	291	1311	1847	
280	291	509	1849	
281	291	1498	1850	
282	293	63	1849	
283	294	1499		
284	295	1500	1845	
285	296	1501		
286	305	1502	1869	
287	307	513		
288	309	1503		
289	310	1504		
290	313	1505		
291	318	1506	1854	
292	319	1507		
293	320	1508		
294	325	1509	1870	
295	325	1510	1868	
296	327	1511		
297	329	831	1848	
298	329	1512	1855	
299	329	1513	1867	
300	330	831	1847	
301	330	1512	1853	
302	330	1514	1852	
303	330	1515	1852	
304	331	831	1835	
305	331	1516	1831	
306	331	1517	1833	
307	334	1518	1858	
308	334	72	1854	
309	334	42		
310	335	1519		
311	335	1520	1847	
312	337	1521		
313	337	1522		
314	337	1523		
315	338	1524	1849	
316	338	1525		
317	339	1526		
318	343	1527	1851	
319	343	1528	1852	
320	346	1529	1856	
321	349	1530		
322	350	1531	1854	
323	350	1532	"1851-12"	
324	350	54	1840	
325	351	1533	"1832-07"	
326	351	1534		
327	354	1535	1863	"extension"
328	354	79	1862	
329	355	1536	1849	
330	355	1537	1862	
331	355	1538	1864	
332	356	80		
333	356	81	1818	
334	356	1539	1836	
335	356	1540	1832	
336	358	1541		
337	358	167	1846	
338	360	1542	1845	
339	360	1543	1845	
340	360	1544	1851	
341	360	1545	1867	
342	363	1546	1871	
343	363	1547	1873	
344	364	1548	1848	
345	369	1549	1834	
346	369	1550	1831	
347	371	1551	1834	
348	371	1552	1847	
349	371	1553	1851	
350	373	1554	1855	
351	374	1555		
352	374	1556	1878	
353	375	1557		
354	381	1558	1836	
355	384	1559	1850	
356	385	1560	1873	
357	386	1561	1850	
358	386	1562	1837	
359	386	1563	1845	"fabrique"
360	391	1564		
361	392	1565		
362	392	1566		
363	395	95	1838	
364	396	1567	"1854-04"	
365	396	1568		
366	398	1569	1826	
367	398	1570	1819	
368	399	1571		
369	403	1572		
370	405	1573	1854	
371	406	1574		
372	411	1575		
373	418	1576	1838	
374	418	1577	1839	
375	418	63	1842	
376	418	1578	1845	
377	418	1579	1867	
378	418	1580	1879	
379	423	1581	1858	
380	423	1582	1856	
381	423	102	1856	
382	423	1583		
383	424	1584	1856	
384	424	1585	1849	
385	429	1586		
386	434	1587	1850	
387	435	1588		
388	436	1589	1847	
389	436	829	1873	
390	438	1590	1858	
391	439	1591	1854	
392	440	1592	"1865-01"	
393	440	1593	"1863-09"	
394	440	1594	"1862-06"	
395	440	1595	"1859-07"	
396	440	1596	"1859-03"	
397	441	1597		
398	444	1598		
399	444	1599	1855	
400	448	1600		
401	450	1601		
402	452	1602	1831	
403	452	1603	1830	
404	452	1604	1836	
405	452	1605	1837	
406	457	1606	1847	
407	457	1607	1854	
408	458	1608	1844	
409	458	1609	1842	
410	459	1610	1847	
411	461	1611		
412	463	1612	1847	
413	463	1613	1837	
414	465	1614		
415	474	1615	"1864-01"	
416	474	1616	"1859-2"	
417	474	121	"1858-07"	
418	474	1617	1858	
419	477	1618		
420	478	1619		
421	479	1620	"1852-07"	
422	479	1621		
423	481	1622		
424	483	1623		
425	484	1624	1872	
426	485	1625		
427	486	122		
428	487	1626	"1860-04"	
429	487	1627	1859	
430	487	1628	"1864-06"	
431	488	1629		
432	489	1630	1811	
433	489	1631	1815	
434	489	1632	1824	
435	489	1633	1842	
436	490	1377		
437	491	1634	1839	
438	491	1635	1852	
439	493	1636		
440	495	1637		
441	495	1638		
442	498	1639	1839	
443	498	1640	1839	
444	498	1641	1852	
445	498	1642	1856	
446	498	1642	1862	
447	498	1643	1862	
448	499	1644	1856	
449	500	1645		
450	502	1646	1854	
451	502	1647		
452	502	1648	1840	
453	505	1649		
454	507	133		
455	508	1650		
456	509	1651		
457	512	1652		
458	513	1653	1844	
459	514	1654	1870	
460	514	1655	1877	
461	515	1656	1838	
462	515	1657	1852	
463	515	1658	1869	
464	517	1659		
465	518	1660		"près des grands moulins"
466	519	1661	1854	
467	519	135	1868	
468	519	1662		
469	519	1663	1880	
470	520	1664	1838	
471	520	1500	1844	
472	527	1665		
473	529	1666	1842	
474	530	1667		
475	530	1668		
476	531	1669		
477	532	1670		
478	533	1671		
479	535	1672		
480	538	1673		
481	539	1674		
482	541	1675	1855	
483	541	1676	1855	
484	543	1677		
485	546	1678		
486	548	142		
487	549	1679		
488	550	1680	1866	
489	550	1681	1862	
490	550	1682	"1859-07"	
491	550	1683	"1861-10"	
492	550	1684	"1858-10"	
493	550	1685		
494	554	143		
495	555	144		
496	560	1510	"1870-07"	
497	560	1686		
498	562	1687		
499	564	1688		
500	565	1689		
501	567	1690	"1848-11"	
502	567	1691		
503	567	538	1842	
504	567	1001		
505	571	1692		
506	572	1693		
507	574	1694	1863	
508	574	1695	1872	
509	577	1696		
510	578	151		"lithographie"
511	578	1697		"librairie"
512	579	1698	1830	
513	579	1699	1835	
514	579	1700	1844	
515	581	1701	1867	
516	581	1346	"1843-03"	
517	581	1702		
518	581	107	"1837-04"	
519	581	1703	1837	
520	581	153		
521	582	1704	"1852-09"	
522	582	1705	1849	
523	584	1706	1854	
524	587	1707		
525	588	1708		
526	588	1709	1867	
527	589	1710	1837	
528	589	1711	1837	
529	590	156	1853	
530	591	1293		
531	591	1712		
532	592	1713		
533	592	1714	1870	
534	592	1715	1868	
535	592	1716	1854	
536	593	158		
537	595	159		
538	596	4	1853	
539	601	1717	1845	
540	601	1718	1842	
541	602	1719		
542	605	1720		
543	607	1721		
544	611	1722		
545	611	1723		
546	612	1724		
547	614	1725	1851	
548	615	1726	1836	
549	615	1727	1840	
550	616	162	1830	
551	616	1728		
552	618	1590	1863	
553	622	1729	1835	
554	624	1730	1866	
555	624	164		
556	625	1731		
557	627	1732		
558	629	1733	1851	
559	629	1734	1845	
560	629	594	1837	
561	630	1735		
562	630	165	1862	
563	630	1736	1865	
564	631	166	1837	
565	632	1737	"1854-05"	
566	632	168	"1854-06"	
567	636	1738		
568	637	1739	"1864-09"	
569	638	1740	"1865-08"	
570	638	1741	"1865-08"	
571	638	1742	"1862-09"	"atelier"
572	638	1743		
573	638	1744	1852	"puis exproprié"
574	638	1745	"1847-11"	"retour de l’atelier"
575	638	1746	"1840-10"	
576	638	1745	1840	"papeterie"
577	640	1747		
578	641	1748		
579	642	1749		
580	642	1750		
581	644	1751		
582	644	1752	1850	
583	645	1753	1856	
584	645	3869	1856	
585	651	1754	1866	
586	653	1755		
587	654	1756		
588	655	1757		
589	655	1758		
590	655	1759	1874	
591	655	1760	1885	
592	657	1761	1848	
593	657	1762	1850	
594	664	1763	"1867-09"	
595	664	1764		
596	665	1765	1850	
597	665	1766		
598	668	1767	"1868-04"	
599	668	1768	1867	
600	671	1389	1854	
601	671	1769	1854	
602	674	1770		
603	678	1771	"1864-04"	
604	678	1772	1858	
605	678	1675		
606	679	175		
607	682	1773	1859	
608	684	1774		
609	685	527		"Noël aîné et cie"
610	685	1775	1824	
611	685	177	1820	
612	688	1776	1871	
613	690	1777		
614	691	1778		
615	695	1779		
616	695	2094		
617	700	1780		
618	703	1781		
619	704	1782	"1856-04"	
620	704	1783		"atelier provisoire"
621	705	1784	1869	
622	706	95	1831	
623	707	1785	"1877-04"	
624	707	1786	"1876-10"	
625	707	1787	"1875-07"	
626	707	1788	"1874-04"	
627	707	1789	"1873-05"	
628	707	1790	"1872-09"	
629	707	180	1869	
630	708	1791	1831	
631	708	1792	1827	"successeur du comte de Lasteyrie"
632	709	254		
633	709	1793		
634	710	1794		
635	711	184		
636	711	1795		
637	717	1796	1843	
638	717	1797	1849	
639	717	1798	1857	
640	718	1799		
641	718	1797	1876	
642	719	1800		
643	720	1801	1831	
644	721	449	1854	
645	722	1802	1866	
646	722	189	1865	
647	725	1803	"1852-10"	
648	725	1804	1851	
649	726	1805		
650	727	1194	1861	
651	728	192	1847	
652	728	765		
653	728	1806		
654	728	1807	1839	
655	728	1808	1842	
656	728	1809	1835	
657	732	1810		
658	732	3624		
659	734	1811	1830	
660	734	1812	"1845-02"	
661	735	394	1853	
662	736	1813	"1856-09"	
663	736	1814	"1855-10"	
664	736	1815	"1854-09"	
665	736	1816	1852	
666	741	1817		
667	742	1818		
668	744	1819		
669	745	1820	1864	
670	745	1821	"1860-07"	
671	745	1822	1859	
672	747	1823		
673	751	1824		
674	758	1825		
675	760	1826		
676	763	1827	1858	
677	763	1828		
678	763	1829	1850	
679	764	1830		
680	766	1831		
681	766	1832	1885	
682	767	1833	"1868-1869"	
683	767	1834	1873	
684	770	1835	1853	
685	771	1836		
686	774	1837		
687	774	1838		
688	775	1839	1839	
689	775	543	"1842-09"	
690	775	1840	1858	
691	776	1841	1857	
692	776	1842	1844	
693	779	203		
694	779	1496	1845	
695	780	1843		
696	782	1844		
697	782	1845	1855	
698	786	1846		
699	787	1847		
700	790	1848		
701	790	1022	1847	
702	791	1849	"1861-01"	
703	791	207	1854	
704	794	1850		
705	794	1851	1885	
706	795	1852	"1854-01"	
707	795	1853	1848	
708	796	1854		
709	797	1855		
710	798	1856		
711	801	1857		"librairie"
712	801	1858		"Imprimerie lyonnaise"
713	803	1859		
714	810	1860		
715	810	1861		
716	813	1862	1868	
717	813	2957	1868	
718	814	1863	1868	
719	814	1864		
720	817	1865	1832	
721	818	1866		
722	819	1867	"1868-07"	
723	819	1868	"1868-07"	
724	820	751	1832	
725	820	3863	1832	
726	821	1869	1847	
727	821	1870	1839	
728	821	1871		
729	821	1872	1840	
730	821	1873	1836	
731	822	1874	1857	
732	826	1875	1837	
733	826	1876		
734	828	1877		
735	828	2619		
736	828	4211		
737	828	4347		
738	829	1878		
739	831	1879	1857	
740	834	1880		
741	834	1881	1869	
742	838	1882	1854	
743	840	1883		
744	841	1884	"1874-01"	
745	841	1885	1870	
746	842	1886	1852	
747	844	1887	1869	
748	845	1888		
749	845	1469		
750	845	1889		
751	845	3157		
752	846	1890		
753	848	1891	1864	
754	849	1892		
755	850	1893	1860	
756	850	1894		
757	850	219	1853	
758	851	1895		
759	853	1896		
760	854	1897	"1861-10"	
761	854	1898		
762	856	1899	"1854-11"	
763	856	358	"1852-01"	
764	856	1900	1851	"[trop humide]"
765	857	1901		
766	857	1902	1855	
767	858	1903	1837	
768	858	1904	1834	
769	860	1905		
770	862	224		
771	863	1906	1858	
772	863	1907	1854	
773	863	1908	1854	
774	864	1909	1852	
775	864	1910	1856	
776	864	1911	"1866-12"	
777	866	733		
778	866	1912		
779	866	4264		
780	867	1913		
781	869	1914	1864	
782	869	1915	1864	
783	869	1916	1834	
784	874	1917	1866	
785	874	1918		"exproprié"
786	878	1919	1842	
787	878	1920		
788	881	1921	1864	
789	882	1921	1839	
790	882	1922		
791	883	1923		
792	889	231		
793	890	1924	"1869-06"	
794	890	232	"1869-04"	
795	892	234	1841	
796	893	1925	1825	
797	893	235	1822	
798	893	1926	1824	
799	894	237	1851	
800	895	1927	1847	
801	895	1928	1847	
802	895	1929	1850	
803	896	1930	1864	
804	897	1931	1838	
805	897	1928	1843	
806	898	1932	1866	
807	899	1933	1869	
808	900	1934	1862	
809	902	238	1843	
810	905	1935	1857	
811	906	1936	1854	
812	907	837	1847	
813	907	240	1841	
814	907	1937	1854	
815	907	394	1853	
816	907	1938	1851	
817	907	1939		
818	908	1940	1850	
819	908	1941	1859	
820	908	1942	1866	
821	908	1943	1867	
822	910	1944	1858	
823	910	1945	1873	
824	910	1946	1874	
825	910	1947		
826	911	1948	"1859-05"	
827	911	1949	"1856-07"	
828	911	1950	"1851-09"	
829	911	1951	"1851-01"	
830	911	1952	1850	
831	913	1953		
832	917	1954	"1856-04"	
833	917	1955	1852	
834	917	1956		
835	917	281	"1850-11"	
836	922	1633		
837	924	1957	1840	
838	924	241	1837	
839	924	1958	1845	
840	925	1959		
841	926	1960	1856	
842	926	1961	1842	
843	930	1962	1868	
844	930	1963	1855	
845	931	1964		
846	932	1965	1856	
847	939	1966		
848	940	1967		
849	941	1968	1871	
850	946	1969		
851	949	1970		
852	951	1971	1863	
853	952	1874		
854	956	1504		
855	960	1972		
856	963	1973		
857	964	1974		
858	964	249	1828	
859	964	1975		
860	964	1976	1826	
861	967	1977		
862	968	1978		
863	970	1979		
864	970	1980	1863	
865	973	209		
866	974	1981		
867	974	1982		
868	975	252	1846	
869	975	1983	1847	
870	975	1984	1847	
871	976	1984	1865	
872	978	1985		
873	978	1784	1870	
874	980	1986		
875	981	788		
876	981	1987		
877	982	1988		
878	982	3298		
879	983	1989		
880	984	1990		
881	985	1991		
882	986	1992	1861	
883	987	1993		
884	992	1994	1859	
885	995	1995		
886	997	1996	1876	
887	997	1997	1878	
888	999	1998		
889	1001	1999		
890	1001	3375		
891	1001	3635		
892	1001	4520		
893	1001	4549		
894	1004	2000		
895	1005	2001		
896	1006	2002		
897	1008	2003		
898	1009	2004		
899	1009	2005		
900	1010	2006		
901	1011	2007		
902	1012	2008		
903	1014	2009		
904	1017	2010		
905	1018	2011		
906	1020	1702	1860	
907	1020	2012	1861	
908	1021	2013	1872	
909	1023	2014	"1868-04"	
910	1023	256		
911	1025	2015	1852	
912	1027	2016	1848	
913	1028	2017	"1861-02"	
914	1028	2018	"1856-10"	
915	1028	2019	1855	
916	1029	2020		
917	1031	2021	1854	
918	1031	2022	1863	
919	1033	2023		
920	1034	2024	1829	
921	1035	1883		
922	1038	2025		
923	1039	2026		
924	1039	2027	1850	
925	1039	2032	1850	
926	1040	2028	1844	
927	1040	2029	1876	
928	1040	2030	1857	
929	1041	2031		
930	1043	2028		
931	1043	2027	1850	
932	1043	2032	1850	
933	1044	2033	1872	
934	1045	2034	1850	
935	1049	2035		
936	1051	2036		
937	1051	2037		
938	1051	2038	1855	
939	1052	2039	"1857-04"	
940	1052	904	1854	
941	1054	2040	1863	
942	1057	2041		
943	1059	2042		
944	1062	1862	1838	
945	1062	2957	1838	
946	1064	2043	1857	
947	1064	2044	1877	
948	1065	229	1836	
949	1065	266	1831	
950	1065	2045	1855	
951	1065	2046	1849	
952	1065	2047	1842	
953	1067	2048		
954	1067	2049	1852	
955	1067	2050	1860	
956	1068	2048		
957	1071	2051	1853	
958	1071	2052	1853	
959	1071	2053	1850	
960	1071	2054	"1847-08"	
961	1071	2055	"1844-04"	
962	1071	712	1840	
963	1072	2056	1854	
964	1075	2057	1863	
965	1075	2058	1870	
966	1076	2059	1864	
967	1080	2060	1835	
968	1080	270	1833	
969	1081	2061		
970	1082	2062	1870	
971	1083	2063	1872	
972	1084	2064		
973	1084	2065		
974	1087	2066	1836	
975	1087	2067	1866	
976	1090	1699	1846	
977	1090	2068	1853	
978	1090	2069	1860	
979	1094	207	1845	
980	1094	2070	1847	
981	1095	2071	1878	
982	1095	2072	"1858-03"	
983	1095	2073	1865	
984	1095	2074	"1856-10"	
985	1095	2075	"1856-04"	
986	1095	2076	"1854-10"	
987	1095	56	1852	
988	1095	2077		
989	1096	2078		
990	1098	2079	1866	
991	1098	2080		
992	1098	2081	1868	
993	1098	1984		
994	1098	2082	1872	
995	1100	2083	1891	
996	1100	2736	1891	
997	1101	2084		
998	1101	2085		
999	1101	2086	1847	
1000	1102	2087	"1863-07"	
1001	1102	2084		
1002	1103	275		
1003	1104	2088	1837	
1004	1104	40	1847	
1005	1107	2089	1872	
1006	1107	2090	1872	
1007	1108	2091	"1863-03"	
1008	1108	2092		
1009	1110	2093		
1010	1111	1779		
1011	1111	2094		
1012	1113	2095	1858	
1013	1113	440	1861	
1014	1113	1438	1869	
1015	1116	2096	1860	
1016	1116	2097		
1017	1121	2098	1821	
1018	1121	2099	1823	
1019	1121	2100	1823	
1020	1121	831	1827	
1021	1122	2101	1861	
1022	1122	2197	1861	
1023	1123	281	1849	
1024	1123	2102		
1025	1124	2103	1840	
1026	1124	282		
1027	1125	2104		
1028	1125	2105	1849	
1029	1126	2106		
1030	1126	1688	1872	
1031	1128	2107		
1032	1134	2108	"1859-05"	
1033	1134	2109		
1034	1134	2110	1868	
1035	1135	2111	1856	
1036	1135	2112	1866	
1037	1136	2113		
1038	1137	2114	1858	
1039	1137	2115	1864	
1040	1138	2116	1843	
1041	1140	2117		
1042	1143	2118	1861	
1043	1143	1125	1885	
1044	1143	2119	1889	
1045	1146	2120		
1046	1148	2121		
1047	1149	1438	1845	
1048	1149	1590	"1855-06"	
1049	1149	2122	1845	
1050	1152	2123		
1051	1153	290		
1052	1154	2124	1869	
1053	1156	2125	"1852-06"	
1054	1156	2126	"1852-10"	
1055	1156	2127	"1851-05"	
1056	1157	1290	1871	"administration"
1057	1157	2128	1871	"atelier"
1058	1157	2129		
1059	1158	1642	1866	
1060	1164	2130		
1061	1165	294	1832	
1062	1165	1520	1849	
1063	1166	2131		
1064	1170	2132		
1065	1171	296		
1066	1171	2133	1844	
1067	1171	2134	1836	
1068	1172	2135	"1863-09"	
1069	1172	2136	1858	
1070	1172	2137		
1071	1173	2138		
1072	1175	2139	1828	
1073	1175	219	1831	
1074	1176	2139		
1075	1177	2140	1832	
1076	1178	219	1837	
1077	1178	2141	"1841-07"	
1078	1181	2142	1854	
1079	1184	2143		
1080	1185	2144		
1081	1192	2145	1856	
1082	1192	1937	1854	
1083	1192	302		
1084	1193	2146	1882	
1085	1194	1296		
1086	1199	2147		
1087	1201	2148		
1088	1201	2149		
1089	1203	2150		
1090	1203	3895		
1091	1204	1688		
1092	1205	2151		
1093	1206	2152		
1094	1207	2153		
1095	1208	2154	1878	
1096	1208	2155	1865	
1097	1211	2156		
1098	1218	2157	1824	
1099	1219	2158		
1100	1219	2159	1839	
1101	1220	2160	1836	
1102	1220	2161	1833	
1103	1222	2162	1873	
1104	1223	1152	1845	
1105	1224	2163		
1106	1227	305		
1107	1227	426	1837	
1108	1228	469	1828	
1109	1229	469		
1110	1233	1277		
1111	1234	235	1842	
1112	1234	1194		
1113	1234	482		
1114	1234	2164	1849	
1115	1235	2165		
1116	1238	2166		
1117	1240	2167	1843	
1118	1241	2168		
1119	1243	2169		
1120	1243	2170		
1121	1243	2171	1821	
1122	1244	2172		
1123	1245	309		
1124	1247	310	1851	
1125	1249	2173	1826	
1126	1250	2174		
1127	1251	655	1870	
1128	1254	2175		
1129	1255	2176		
1130	1259	2177		
1131	1262	2178	1854	
1132	1262	2179	1864	
1133	1263	2180	1852	
1134	1264	2181	1834	
1135	1265	2182		
1136	1270	2183	1865	
1137	1271	2184		
1138	1277	2185		
1139	1279	2186	1866	
1140	1282	1124	1839	
1141	1283	2187		
1142	1284	2188	"1879-1883"	
1143	1284	2189	1883	
1144	1285	2190		
1145	1286	2191		
1146	1287	2192		
1147	1287	2193	1876	
1148	1287	3194	1876	
1149	1287	3740	1876	
1150	1287	3777	1876	
1151	1287	4239	1876	
1152	1287	4556	1876	
1153	1287	2194	1895	
1154	1291	2195	1868	
1155	1294	2196	1835	
1156	1295	2101		
1157	1295	2197		
1158	1296	2198	1868	
1159	1297	2199	1865	
1160	1301	2200		
1161	1305	2201		
1162	1306	1391		
1163	1309	2202		
1164	1313	2203		
1165	1313	2204		
1166	1313	2205		
1167	1314	2206		
1168	1314	2204		
1169	1319	2207		
1170	1320	2208		
1171	1320	2209		
1172	1320	2210	1864	
1173	1320	2211	"1860-10"	
1174	1320	2212		
1175	1320	2213		
1176	1320	2214	1858	
1177	1323	2215	1865	
1178	1323	2216	"1874-07"	
1179	1326	2217		
1180	1327	1836		
1181	1329	2218		
1182	1330	2219	1864	
1183	1332	2220		
1184	1333	2221		
1185	1334	2222		
1186	1334	2223	1837	
1187	1337	2224		
1188	1340	2225		
1189	1340	2226	1849	
1190	1341	2227	1870	
1191	1342	2227	1870	
1192	1344	2228		
1193	1348	2229	1839	
1194	1349	330		
1195	1352	1380		
1196	1352	2230		
1197	1352	331	1836	
1198	1352	2231	1840	
1199	1354	2232		
1200	1355	2233	1854	
1201	1358	2234		
1202	1358	2235	1872	
1203	1359	2236		
1204	1360	2237		
1205	1366	1387		
1206	1368	2238	"1852-04"	
1207	1368	2239		
1208	1368	2240	"1852-09"	"-temporaire-"
1209	1369	2241		
1210	1370	2241		
1211	1370	2242	1863	
1212	1376	333		
1213	1378	2243		
1214	1381	2244		
1215	1382	2245		
1216	1386	2246		
1217	1390	2247		
1218	1393	647		
1219	1395	2248	1865	
1220	1397	2249		
1221	1399	2250		
1222	1400	2251	1841	
1223	1400	1020	1843	
1224	1400	2252		
1225	1401	2253		
1226	1406	2254	1849	
1227	1407	1319	1832	
1228	1408	469	1854	
1229	1408	2255		
1230	1410	2256	1860	
1231	1410	2257	"1862-07"	
1232	1413	2258	1861	
1233	1415	2259		
1234	1415	1799	"1876-01"	
1235	1417	2260		
1236	1418	2261		
1237	1418	4435		
1238	1419	2262		
1239	1424	343	1876	
1240	1425	2263		
1241	1425	2264	1843	
1242	1426	2265		
1243	1426	2266		
1244	1427	2267		
1245	1429	2268		
1246	1430	2269		
1247	1431	2270		
1248	1432	2271	1850	
1249	1432	2272	1848	
1250	1432	1124	1847	
1251	1434	2273	1865	
1252	1434	135	"1865-07"	
1253	1434	2274	1854	
1254	1439	2275	1816	
1255	1439	2276		
1256	1439	2277	1831	
1257	1443	2278	1859	
1258	1444	2279		
1259	1446	2280		
1260	1447	2281		
1261	1449	2282		
1262	1450	2283	1841	
1263	1453	2284	1835	
1264	1453	2285	1835	
1265	1454	2286	1841	
1266	1456	2287		
1267	1458	355	1851	
1268	1459	2288		
1269	1459	2289		"Établissement Polymatique"
1270	1459	2290		
1271	1459	2291		
1272	1459	2292		
1273	1460	2293	1872	
1274	1461	2294	1854	
1275	1466	2295		
1276	1467	360	1844	
1277	1468	2296	1842	
1278	1469	610	"1853-06"	
1279	1469	2297	"1852-12"	
1280	1469	363	"1852-11"	
1281	1470	2298		
1282	1471	2299		
1283	1472	2300		
1284	1473	2301	1855	
1285	1477	366		
1286	1478	2302		
1287	1482	2303		
1288	1487	692	1866	
1289	1488	2304	1872	
1290	1488	2305	1855	
1291	1491	2306		
1292	1492	2307		
1293	1492	2308	"1857-04"	
1294	1493	2309	1840	
1295	1494	1551	1830	
1296	1498	2310	1852	
1297	1499	372		
1298	1500	2311	1838	
1299	1500	2312	1854	
1300	1501	1975	1828	
1301	1502	2313	"1854-12"	
1302	1502	2314		
1303	1503	2315		
1304	1504	2316		
1305	1505	2317	1850	
1306	1505	2318		
1307	1507	2319	1848	
1308	1507	2320	1854	
1309	1508	2321	1844	
1310	1508	2322	1857	
1311	1509	1957		
1312	1510	2323	1831	
1313	1514	2324		
1314	1516	2325		
1315	1520	2326		
1316	1521	2327		
1317	1521	2328	1847	
1318	1521	2329	1857	
1319	1523	378		
1320	1525	2330		
1321	1526	2331	1851	
1322	1527	2332		
1323	1527	4077		
1324	1531	2333		
1325	1531	2334		
1326	1533	382		
1327	1535	2335		
1328	1537	2336		
1329	1540	910		
1330	1541	2337		
1331	1541	2338	1854	
1332	1542	2339		
1333	1547	385	1856	
1334	1553	2173		
1335	1555	2340	1878	
1336	1555	2341	1879	
1337	1557	2342	1833	
1338	1557	2343	1841	
1339	1557	2344		"dépositaire"
1340	1559	2345		
1341	1561	2346		
1342	1562	2347		
1343	1566	2348		
1344	1566	2349	1845	"librairie en 1845"
1345	1569	2350		
1346	1571	2351	1863	
1347	1571	2352	1863	
1348	1574	2353		
1349	1576	2354		
1350	1577	2355		
1351	1579	2356		
1352	1579	2357	1834	
1353	1579	1535	1837	
1354	1579	2358	1841	
1355	1581	2359		
1356	1582	390	1860	
1357	1582	2360	1878	
1358	1583	2361		"magasin de vente"
1359	1584	390		
1360	1592	2362	1868	
1361	1592	2363	1869	
1362	1596	2364		
1363	1597	2365		
1364	1597	2366	1834	"vis-à-vis la rue des Changes"
1365	1599	395	1839	
1366	1600	2367		
1367	1601	2368	1873	
1368	1602	2369	1843	
1369	1605	2370		
1370	1605	2371	1898	
1371	1605	2372	1898	
1372	1606	2373		
1373	1606	2374	1827	
1374	1606	2375	1830	
1375	1607	2376		
1376	1608	2376		
1377	1610	2377	1852	
1378	1610	2378	"1853-03"	
1379	1610	2379	"1853-10"	
1380	1610	2380	1861	
1381	1610	2381	1861	
1382	1614	2382	1870	
1383	1614	2383	1872	
1384	1614	2384	1876	
1385	1618	2385	1834	"vis-à-vis d’Henri IV"
1386	1618	2386	1837	
1387	1618	2387	1844	
1388	1618	2388	1854	
1389	1618	2389	1860	
1390	1619	2390		
1391	1619	2391		
1392	1619	391	1878	
1393	1624	2392		
1394	1624	2393		
1395	1626	2394	1837	
1396	1626	2395	1826	
1397	1628	2396		
1398	1631	79		
1399	1634	2397		
1400	1635	2398		
1401	1635	2399	1856	
1402	1636	2400	1877	
1403	1636	2398	1868	
1404	1637	2401		
1405	1639	2292	1837	
1406	1639	2402	1837	
1407	1639	2403		
1408	1641	2404		
1409	1641	1957		
1410	1644	2405		
1411	1644	2406	1856	
1412	1647	2407		
1413	1651	2408		
1414	1651	2409	1861	
1415	1652	2410	1863	
1416	1652	2526	1863	
1417	1653	2411		
1418	1654	2412	1852	
1419	1656	2413	1852	
1420	1656	2414	1854	
1421	1657	1607		
1422	1658	2415	1828	
1423	1658	2416	1834	
1424	1658	2417	1835	
1425	1659	2418		
1426	1660	2419		
1427	1660	2420	1830	
1428	1661	2421	1854	
1429	1664	240	1837	
1430	1664	2422	1832	
1431	1665	2343		
1432	1666	2423		
1433	1666	2424	1861	
1434	1666	2425		
1435	1667	2426		
1436	1671	2427	1865	
1437	1679	2428		
1438	1680	2429		
1439	1680	2430	1841	
1440	1682	413	1854	
1441	1683	413	1854	
1442	1683	2431	1862	
1443	1683	2432	"1867-06"	
1444	1684	2433		
1445	1685	2434		
1446	1686	2435	1869	
1447	1688	2436	1845	
1448	1688	2437	1849	
1449	1689	2438	1854	
1450	1689	595		
1451	1690	2439		
1452	1690	2440		
1453	1691	2441	1862	
1454	1691	2442		
1455	1695	416	1864	
1456	1696	416	1861	
1457	1697	653	1834	
1458	1697	417	1853	
1459	1697	2443	"1844-10"	
1460	1697	416	"1856-05"	
1461	1698	2444		
1462	1698	2445	1856	
1463	1699	2446	1854	
1464	1701	194		
1465	1701	419		
1466	1701	420		
1467	1701	1157		
1468	1701	3547		
1469	1701	194		
1470	1701	419		
1471	1701	420		
1472	1701	1157		
1473	1701	3547		
1474	1702	2447	1854	
1475	1702	3404	1854	
1476	1706	2448	1831	
1477	1713	2449		
1478	1716	1964	1863	
1479	1716	2450		
1480	1724	2451		
1481	1726	2452	1879	
1482	1726	2453	1863	
1483	1726	2454		
1484	1729	2455	1873	
1485	1729	2456	1882	
1486	1730	425		
1487	1732	2457		
1488	1733	2458	1864	
1489	1739	2459		
1490	1740	2459		
1491	1741	2460	"1857-01"	
1492	1741	2461	1856	
1493	1741	2462	"1853-02"	
1494	1741	2463	"1850-08"	
1495	1742	1744		
1496	1745	1836		
1497	1746	2464	1842	
1498	1746	2465	1842	
1499	1747	2466	1852	
1500	1747	2467	1870	
1501	1748	2468		
1502	1752	2469		
1503	1753	2470	1827	
1504	1755	1502		
1505	1755	2471	1828	"au coin de celle de la Monnaie"
1506	1757	2472		
1507	1761	2473	1841	
1508	1762	2474	1850	
1509	1763	2358	1848	
1510	1765	2475	1860	
1511	1765	2476	"1854-04"	
1512	1768	2477	1858	
1513	1769	2478	1863	
1514	1773	2479	"1859-01"	
1515	1773	2480	1855	
1516	1776	702		
1517	1781	2481	1872	
1518	1781	2482	"1873-05"	
1519	1784	2483		
1520	1784	3231		
1521	1784	2484		
1522	1786	2485		
1523	1786	2486		"annexe"
1524	1786	2487		
1525	1787	2488		
1526	1789	2489		
1527	1790	2490	1854	
1528	1790	3668	1854	
1529	1791	2491		
1530	1793	2492		
1531	1794	2493		
1532	1797	2156	1870	
1533	1798	2494		
1534	1798	2495	1858	
1535	1799	2496		
1536	1802	2497	1837	
1537	1803	2498	1854	
1538	1805	2499		
1539	1810	2500	1880	
1540	1810	2748	1880	
1541	1812	2501		
1542	1812	2502	1849	
1543	1815	2503		
1544	1817	2504		
1545	1819	2505		
1546	1820	445		
1547	1820	2506	1844	
1548	1823	2507		
1549	1824	2508		
1550	1825	2509		
1551	1828	2510		
1552	1829	2511		
1553	1832	2512		
1554	1834	2513		
1555	1835	2514		
1556	1835	2515	1856	
1557	1835	2516		
1558	1835	2517	"1854-04"	
1559	1835	448	1852	
1560	1835	449	1842	
1561	1837	2518		
1562	1839	2519		
1563	1840	2519		
1564	1848	2520		
1565	1851	2521		
1566	1854	2522		
1567	1855	2523	1837	
1568	1857	2524		
1569	1858	2525	1853	
1570	1859	2410	1879	
1571	1859	2526	1879	
1572	1860	2527		
1573	1865	2528		
1574	1869	2529	1871	
1575	1874	2530		
1576	1879	2531		
1577	1880	2532	1859	
1578	1881	2533	1837	
1579	1884	2534		
1580	1890	2535		
1581	1893	2536	1894	
1582	1894	2537		
1583	1898	2538	1840	
1584	1900	2539		
1585	1902	455	1839	
1586	1902	2540	1851	
1587	1902	2541	1875	
1588	1903	2542	1821	
1589	1903	2543	1816	
1590	1903	2544	1818	
1591	1903	2545	1829	"Engelmann, Graf, Coindet et cie"
1592	1905	2546		
1593	1906	2547		
1594	1906	2548	"1852-04"	
1595	1907	2549	1845	
1596	1907	2550	"1846-02"	
1597	1907	2551	1837	
1598	1909	2552	1841	
1599	1911	2553		
1600	1912	2554		"chez son frère"
1601	1913	2555	1868	
1602	1915	2556		
1603	1920	418		
1604	1920	2557	1837	
1605	1921	2558		
1606	1922	1935	"1855-11"	
1607	1922	2559	"1854-01"	
1608	1922	2560		
1609	1926	2561		
1610	1926	2562	1869	
1611	1927	2563		
1612	1931	465	1838	
1613	1931	2564	1853	
1614	1932	2565	1853	
1615	1933	2566	1873	
1616	1933	2567	1874	
1617	1936	2568		
1618	1937	1422	"1849-10"	
1619	1937	2569	1851	
1620	1940	2570		
1621	1941	2571	1851	
1622	1950	2572		
1623	1952	2573		
1624	1954	2574		
1625	1962	2575		
1626	1970	2576		
1627	1970	2577		
1628	1971	2578	1839	
1629	1971	2579		
1630	1974	2580	1842	
1631	1974	2581	1863	
1632	1974	2582	1863	
1633	1975	2581		
1634	1975	2582		
1635	1976	2583		
1636	1977	2584		
1637	1977	2585	1823	
1638	1977	504	"1827-09"	
1639	1978	1541	1852	
1640	1980	2586		
1641	1981	2587		
1642	1981	2588	1869	
1643	1981	2589	"1871-11"	
1644	1983	2590		
1645	1988	2591		
1646	1993	480		
1647	1993	479		
1648	1993	3145		
1649	1994	479	1851	
1650	1994	3145	1851	
1651	1995	2592		
1652	1996	2593		
1653	1997	2594	1878	
1654	1997	2595	1864	
1655	1997	2596	1869	
1656	1997	2597		
1657	2000	482		
1658	2000	2596	1870	
1659	2003	2598		
1660	2008	2599		
1661	2011	2600		
1662	2012	2601	1893	
1663	2012	2602	1893	
1664	2012	2603	1865	
1665	2013	2604		
1666	2016	2605		
1667	2019	2606	1856	
1668	2019	2607	"1858-05"	
1669	2019	2608		
1670	2020	2308	"1859-02"	
1671	2025	2609		
1672	2025	3948		
1673	2028	2610	1844	
1674	2030	2611	1843	
1675	2033	2612		
1676	2036	2613	1876	
1677	2036	2614	1868	
1678	2036	1835	1864	
1679	2037	2615	1843	
1680	2038	2616	1870	
1681	2041	2617		
1682	2042	2618		
1683	2043	1877	1846	
1684	2043	2619	1846	
1685	2043	4211	1846	
1686	2043	4347	1846	
1687	2043	2620	1854	
1688	2044	2620		
1689	2048	2422	1830	
1690	2048	2621	1832	
1691	2050	2622		
1692	2054	2623	1828	
1693	2054	2624	1824	
1694	2055	2625	1853	
1695	2055	2626	1852	
1696	2055	2627	1849	
1697	2058	2628		
1698	2059	2629		
1699	2061	2630	1850	
1700	2061	2631	"1855;1865"	
1701	2063	2632	1852	
1702	2065	1129	1847	
1703	2066	2633		
1704	2068	2634		
1705	2069	2635		
1706	2070	2636		
1707	2072	2637	1854	
1708	2074	2638	1866	
1709	2074	1903	1854	
1710	2077	2639		
1711	2079	2640	1870	
1712	2079	2641	"1866-05"	
1713	2079	2642	"1865-05"	
1714	2079	2643	"1864-10"	
1715	2079	2644	"1863-10"	
1716	2079	1497		
1717	2079	2645	1849	
1718	2079	2646		
1719	2082	2191		
1720	2083	492	1866	
1721	2084	2647	1876	
1722	2085	2648		
1723	2086	2649		
1724	2087	2650	1849	
1725	2087	2651	1851	
1726	2089	2652		
1727	2090	538		
1728	2090	231	1852	
1729	2090	2653	1837	
1730	2090	2654	1832	
1731	2091	496		
1732	2091	2655	"1851-10"	
1733	2091	2656	"1863-10"	
1734	2092	2657	1868	
1735	2096	2658		
1736	2098	2659		
1737	2098	3947		
1738	2099	2660		
1739	2100	2661	1854	
1740	2100	2662	1857	
1741	2102	2663		
1742	2103	2664	1854	
1743	2107	2254	1831	
1744	2108	2665	1843	
1745	2108	2666	1852	
1746	2108	2667		
1747	2108	2668	"1860-04"	
1748	2108	2669	"1862-03"	
1749	2108	2670	1857	
1750	2109	2671		
1751	2110	2672		
1752	2115	2673	1834	
1753	2115	2674		
1754	2115	2675	1830	
1755	2115	2676	1823	
1756	2116	2677		
1757	2117	504	1828	
1758	2117	751	1830	
1759	2117	3863	1830	
1760	2117	2678	1833	
1761	2118	2679	1858	
1762	2118	2680	1859	
1763	2118	2681	1874	
1764	2119	2682		
1765	2119	2683	1839	
1766	2119	827	1851	
1767	2120	653		
1768	2121	2684		
1769	2123	2685		
1770	2123	2686	"1867-06"	
1771	2123	2687		
1772	2123	2688	"1862-04"	
1773	2124	2689		
1774	2126	2690		
1775	2131	2691		
1776	2133	2692		
1777	2133	2693		
1778	2133	3394		
1779	2134	2694		
1780	2137	2695		
1781	2138	2696	1842	
1782	2138	2697	1864	
1783	2139	2698	"1853-04"	
1784	2139	2699	"1853-12"	"siège de la Correspondance allemande"
1785	2139	2700	"1854-10"	
1786	2139	2701	1849	
1787	2140	2702		
1788	2143	2703		
1789	2147	2704		
1790	2153	2705		
1791	2156	1467	1848	
1792	2156	2706		
1793	2156	2707	"1853-06"	
1794	2156	2708		
1795	2156	2709	1856	
1796	2156	2710	1859	"pour agrandissement"
1797	2158	2711	1854	
1798	2159	2712		
1799	2160	2713		
1800	2163	2714	1879	
1801	2164	2715		
1802	2165	2716	1835	
1803	2165	2717	1842	
1804	2165	2718	1843	
1805	2165	2719	1851	
1806	2165	2720	1851	
1807	2166	2721	1871	
1808	2170	2722		
1809	2171	2723		
1810	2172	2724		
1811	2175	2725		
1812	2177	2015		
1813	2178	2726		
1814	2180	2727	1839	
1815	2181	2728	1854	
1816	2182	2729		
1817	2182	4082		
1818	2185	2156	1867	
1819	2186	2730	1939	
1820	2187	2731		
1821	2190	2732		
1822	2192	2733		
1823	2194	2734	1846	
1824	2194	2735	1863	
1825	2194	3795	1863	
1826	2198	2083		
1827	2198	2736		
1828	2199	2737		
1829	2199	3226		
1830	2202	2738	1867	
1831	2202	2739	"1870-02"	
1832	2202	2740	1872	
1833	2203	2741		
1834	2205	2742		
1835	2205	2743	"1863-10"	
1836	2205	2744	"1874-07"	
1837	2206	1182	1837	
1838	2206	2745	"1838-08"	
1839	2206	2746	"1839-02"	
1840	2206	2747	"1840-07"	
1841	2207	2500	1843	
1842	2207	2748	1843	
1843	2208	2247	1850	
1844	2214	2749	1855	
1845	2215	2750	"1868-08"	
1846	2215	2751	"1872-05"	
1847	2215	2752	"1873-08"	
1848	2217	2753		
1849	2217	2754	"1858-07"	
1850	2218	2755		
1851	2219	2756	1868	
1852	2221	2757		
1853	2222	2758		
1854	2224	2759		
1855	2229	1319		
1856	2229	527		
1857	2230	2760	1817	
1858	2230	2761	1820	
1859	2230	439		
1860	2231	2495		
1861	2231	2762	1892	
1862	2231	2763		
1863	2235	2764	"1857-01"	
1864	2235	2765	"1863-09"	
1865	2235	2766	"1865-07"	
1866	2236	2767	"1869-02"	
1867	2236	2768	"1869-05"	
1868	2238	2769		
1869	2239	2770		
1870	2241	2771		
1871	2244	531	1864	
1872	2244	2772	"1867-12"	
1873	2244	2773	"1867-12"	
1874	2245	2774	1848	
1875	2245	2775	1852	
1876	2246	2776	1840	
1877	2246	2777	"1860-01"	
1878	2249	2778	1837	
1879	2250	2779	1836	
1880	2251	2780	1851	
1881	2251	1117	1851	
1882	2251	2781	"1860-06"	
1883	2252	2782	1874	
1884	2252	2783		
1885	2252	2784	1872	
1886	2252	2785	"1868-07"	
1887	2253	2786		
1888	2254	2787		
1889	2259	535		
1890	2259	2788	"1856-12"	
1891	2260	2789		
1892	2261	2790		
1893	2263	2791		
1894	2263	2792	"1858-01"	
1895	2263	2793	"1861-04"	
1896	2265	2794	1859	
1897	2266	1374	1869	
1898	2267	797	1837	
1899	2269	1566	1830	
1900	2269	2795	1840	
1901	2270	161		
1902	2271	1566	1852	
1903	2271	2796	1851	
1904	2271	2797		
1905	2271	161	"1866-09"	
1906	2277	2798	1868	
1907	2277	2799	1875	
1908	2279	2800		
1909	2286	2801		
1910	2289	545	1846	
1911	2289	408	1850	
1912	2291	2802		
1913	2291	2803	1890	
1914	2291	2804	1890	
1915	2293	2805	1852	
1916	2293	2806	1832	
1917	2294	2807		
1918	2294	2808		
1919	2296	2809		
1920	2298	2810	1873	
1921	2299	2811	1843	
1922	2299	2812	1844	
1923	2300	2813	1857	
1924	2301	2814		
1925	2301	2815		
1926	2301	2816	1876	
1927	2301	2817		
1928	2301	2818	1865	
1929	2301	2819	1868	
1930	2302	2820	1830	
1931	2302	2821	1832	
1932	2302	2822	1841	
1933	2303	2823	1839	
1934	2304	2824		
1935	2310	550		
1936	2311	2825		
1937	2312	2826		
1938	2312	2827		
1939	2312	2362	1865	
1940	2315	2828	1843	
1941	2315	2829	1858	
1942	2316	2830		
1943	2321	2831		
1944	2322	2832		
1945	2323	2833		
1946	2324	1425	1857	
1947	2324	72	1858	
1948	2324	2834	1858	
1949	2325	2835		
1950	2326	2836		
1951	2332	2837	1854	
1952	2336	2838		
1953	2337	2839		
1954	2338	2840		
1955	2339	2841		
1956	2342	2842		
1957	2343	2843		
1958	2345	2844		
1959	2346	567	1853	
1960	2346	2845	"1854-01"	
1961	2346	2846	1869	
1962	2346	2847	1875	
1963	2348	2848		
1964	2348	2849		
1965	2351	570	1851	
1966	2358	2850		
1967	2358	2851	1833	
1968	2361	2150		
1969	2361	3895		
1970	2363	2852		
1971	2364	2853		
1972	2365	1293		
1973	2365	1712		
1974	2369	1534	1842	
1975	2369	2854	1844	
1976	2369	2855		
1977	2369	2856	1855	
1978	2370	2857	1854	
1979	2371	2858	1855	
1980	2371	2859	1858	
1981	2372	2860	1840	
1982	2373	2861		
1983	2377	580		
1984	2377	2862		
1985	2377	2863		
1986	2378	2864		
1987	2378	2865		
1988	2379	2866		
1989	2380	2867	1856	
1990	2380	2868	1869	
1991	2382	2869	1837	
1992	2382	2870	1852	
1993	2383	2871		
1994	2383	2872	1844	
1995	2384	1928	1821	
1996	2384	2873	1820	
1997	2385	2874		
1998	2388	2875		
1999	2388	2876	1851	
2000	2393	2877	1845	
2001	2394	2124	1862	
2002	2394	2878		
2003	2396	2879		
2004	2396	1384		
2005	2396	2880		
2006	2398	788	1857	
2007	2398	1987	1857	
2008	2398	2881	1862	
2009	2399	2882		
2010	2400	2883		
2011	2401	2884	1866	
2012	2402	2885		
2013	2404	2886		
2014	2406	2887	1886	
2015	2406	592	1868	
2016	2406	2888	1852	
2017	2406	2889	1835	"magasin"
2018	2406	2890	1829	
2019	2406	2891		
2020	2407	2892	1842	
2021	2408	595		
2022	2410	2893		
2023	2415	1991		
2024	2416	1890		
2025	2419	2139	1835	
2026	2420	2523	1863	
2027	2423	2894	1853	
2028	2423	2895	"1854-03"	
2029	2425	2896		
2030	2427	2897	1829	
2031	2427	670	1829	
2032	2427	538	"1827-09"	
2033	2428	2898	1864	
2034	2430	602	1847	
2035	2430	2899	1862-07-15	"près du chemin de fer de Lyon"
2036	2437	421		
2037	2437	2900	1848	
2038	2437	2901	1839	
2039	2437	2902		
2040	2440	2903	1853	
2041	2441	2904	1842	
2042	2441	2905	1846	
2043	2442	2906	1867	
2044	2444	2907	1848	
2045	2445	2908	1840	
2046	2446	1391		
2047	2449	2480	1852	
2048	2453	2909		
2049	2463	2028		
2050	2469	2910		"actuellement 63, rue de la Montagne Sainte-Geneviève"
2051	2469	2911	"1871-08"	
2052	2469	2912	1870	
2053	2469	2913	1859	
2054	2470	2914		
2055	2472	2915		
2056	2476	2916		
2057	2479	2917		
2058	2479	2918	1855	
2059	2480	2919		
2060	2481	2920		
2061	2482	1379	1852	
2062	2484	2921	1841	
2063	2490	2922		
2064	2492	2923	1863	
2065	2492	2924	1861	
2066	2492	2925	1858	
2067	2492	2926	1851	
2068	2492	2927		
2069	2494	638		
2070	2500	2928		
2071	2502	2929	1856	
2072	2504	610		
2073	2505	2930	1854	
2074	2506	2931	1829	
2075	2506	2932	1832	
2076	2508	2933	1864	
2077	2509	2934		
2078	2509	2181		
2079	2509	2935		
2080	2509	2936	1825	
2081	2517	2937		
2082	2520	394		
2083	2521	2938		
2084	2526	2939	1854	
2085	2529	2940	"1866-03"	
2086	2529	2941		
2087	2529	2942	1877	
2088	2532	2943	1866	
2089	2532	2641		
2090	2533	2247	1853	
2091	2533	2944	1853	
2092	2534	627	1840	
2093	2534	2945	1851	
2094	2535	2946		
2095	2536	2947	1868	
2096	2536	2948	1865	
2097	2537	2949		
2098	2538	2950	1834	
2099	2539	2951		
2100	2541	2952		
2101	2544	2953	1849	
2102	2544	2413	1849	
2103	2546	2954	1855	
2104	2546	2955	1849	
2105	2547	317		
2106	2553	1717		
2107	2554	2956	1860	
2108	2555	1862		
2109	2555	2957		
2110	2555	2958		
2111	2555	2959		
2112	2557	2960		
2113	2558	2961		
2114	2560	2638		
2115	2562	2962		
2116	2563	2963	1819	
2117	2563	2964		
2118	2569	2247		
2119	2570	2040		
2120	2573	635		
2121	2574	740	1859	
2122	2574	2965	"1857-01"	
2123	2574	2966	"1855-11"	
2124	2574	207	1850	
2125	2575	2967	1850	
2126	2577	492		
2127	2578	2968	1878	
2128	2578	2969	1864	
2129	2584	518		
2130	2587	2970		
2131	2588	2971		
2132	2589	2972		
2133	2589	2973		
2134	2591	2974	1845	
2135	2591	2975	1848	
2136	2591	2976	1851	
2137	2591	2977	"1852-08"	
2138	2592	2978		
2139	2594	1990		
2140	2597	2979	1855	
2141	2601	2980		
2142	2604	2981		
2143	2604	2982		
2144	2606	694		
2145	2607	694		
2146	2608	2983	1859	
2147	2608	1077	1859	
2148	2611	2984	1834	
2149	2611	2985	"1834-12"	
2150	2611	301		
2151	2612	2986		
2152	2613	1859		
2153	2616	2987		
2154	2617	2987		
2155	2618	653		
2156	2618	2988	1842	
2157	2621	2989		
2158	2622	2990		
2159	2629	2991		
2160	2631	2992		
2161	2631	2993	1847	
2162	2633	2993		
2163	2633	2994	"1836-04"	
2164	2634	2171	1833	
2165	2641	2995		
2166	2643	2996		
2167	2644	658		
2168	2645	659		
2169	2645	751	1828	
2170	2645	3863	1828	
2171	2646	2997		
2172	2647	660	1844	
2173	2648	2998		
2174	2655	2012	1862	
2175	2655	2999	1865	
2176	2655	3000	1873	
2177	2659	3001	1847	
2178	2660	3002		
2179	2661	3003		
2180	2663	663		
2181	2664	664		
2182	2665	665	1852	
2183	2669	666	1865	
2184	2669	3004		
2185	2677	3005	1836	
2186	2677	3006	1838	
2187	2677	3007	1856	
2188	2678	27		
2189	2682	3008	1828	
2190	2682	3008	1837	
2191	2682	3009	1837	
2192	2684	3010	1831	
2193	2689	3011	1849	
2194	2691	3012	1856	
2195	2693	3013	1876	
2196	2693	3014	1877	
2197	2695	3015		
2198	2697	3016		
2199	2700	3017	1878	
2200	2700	3018	1865	
2201	2700	3019	1854	"atelier"
2202	2700	677	1853	
2203	2700	3020	1851	
2204	2700	3021	1846	
2205	2700	675	1849	"boutique"
2206	2701	679		
2207	2703	3022		
2208	2704	3023		
2209	2706	3024		
2210	2707	3025		
2211	2711	3026		
2212	2712	682	1864	
2213	2712	3027	1866	
2214	2714	3028		
2215	2716	3029		
2216	2718	3030		
2217	2719	684		
2218	2722	3031	1861	
2219	2723	3032		
2220	2728	3033	1848	
2221	2728	3034	1853	
2222	2729	3035	1868	
2223	2729	3036	1882	
2224	2730	3037	1875	
2225	2732	3038		
2226	2733	3039		
2227	2734	3040		
2228	2740	3041		
2229	2741	3042	1859	
2230	2741	3043	1865	
2231	2744	3044	1869	
2232	2744	3045	1857	
2233	2744	3046	1852	
2234	2745	3047		
2235	2746	3048	1853	
2236	2746	3049	"1854-05"	
2237	2747	689	1854	
2238	2747	3050	"1859-09"	
2239	2748	3051		
2240	2749	2574		
2241	2750	3052		
2242	2752	3053	1865	
2243	2753	692	1851	
2244	2760	3054	"1869-02"	
2245	2760	3055	"1869-04"	
2246	2761	3056	1848	
2247	2764	3057		
2248	2764	3058		
2249	2765	3059	1858	
2250	2765	698	"1858-11"	
2251	2765	1786	"1860-01"	
2252	2765	3060	"1861-05"	
2253	2765	3061	1862	
2254	2765	3062	"1864-08"	"prolongée"
2255	2766	702	1856	
2256	2766	699	1854	
2257	2766	3063		"au Temple"
2258	2766	700	1853	
2259	2766	3064	1860	
2260	2767	703		
2261	2771	3065	"1844-09"	
2262	2771	3066		
2263	2771	3067	"1853-10"	
2264	2771	2409	1854	
2265	2771	3068	1855	
2266	2771	3069	"1856-07"	
2267	2771	3070	"1858-02"	
2268	2774	3071		
2269	2776	623	1854	"À la vieille Intendance"
2270	2778	3072	1839	
2271	2780	3073	1851	
2272	2784	3074		
2273	2784	3075	1865	
2274	2787	3076	1866	
2275	2787	712	1856	
2276	2788	3077		
2277	2789	1451		
2278	2790	1467	"1860-06"	
2279	2790	3078	"1854-10"	
2280	2790	3079	"1854-10"	
2281	2790	3080	1850	
2282	2790	1921	1850	
2283	2792	3081		
2284	2792	42	"1852-11"	
2285	2792	3082	"1851-01"	
2286	2792	2847	"1850-07"	
2287	2792	3083	"1850-04"	
2288	2792	3084		
2289	2794	2222		
2290	2794	3085	1850	
2291	2794	3086		
2292	2794	713		
2293	2795	3087		
2294	2797	655	1856	
2295	2797	3008	1849	
2296	2799	1829	1851	
2297	2802	3088		
2298	2803	717		
2299	2803	1548	1854	
2300	2805	3089	1862	
2301	2805	3090	"1851-08"	
2302	2805	150	1853	
2303	2805	3091		
2304	2807	3092		
2305	2808	3093		
2306	2809	3094		
2307	2809	3095	"1851-01"	
2308	2809	3096	"1852-04"	
2309	2813	3097	1865	
2310	2818	751	1830	
2311	2818	3863	1830	
2312	2818	3098	1840	
2313	2821	3099		
2314	2822	722	1869	
2315	2822	3100		
2316	2823	723		
2317	2824	3101		
2318	2824	3102		
2319	2824	3103	1845	"papeterie librairie"
2320	2824	3104	1849	
2321	2824	3105		
2322	2824	3106		
2323	2827	3107		
2324	2831	3108	1847	
2325	2831	728	1846	
2326	2831	3109	1844	
2327	2835	729		
2328	2839	3110	1849	
2329	2840	3111		
2330	2841	3112		
2331	2844	3113		"ci-devant rue du Chemin de fer, 7"
2332	2845	735		
2333	2848	3114		
2334	2849	3115		
2335	2851	736		
2336	2865	3116	1864	
2337	2868	3117	"1866-04"	
2338	2868	3118	1855	
2339	2868	2097		
2340	2868	3117	1853	
2341	2868	3119	"1851-03"	
2342	2868	3120	1850	
2343	2872	3121		
2344	2875	3122	1835	
2345	2875	3123	1836	
2346	2876	3124		
2347	2877	3125	1877	
2348	2877	3126	1877	
2349	2878	3127	1869	
2350	2879	3128	1854	
2351	2881	3129		
2352	2886	1426	1833	
2353	2887	3130		
2354	2888	1413	1841	
2355	2888	750	1841	
2356	2888	751	1837	
2357	2888	3863	1837	
2358	2890	3131		
2359	2890	3132	1854	
2360	2893	3133		
2361	2894	3134		
2362	2895	3135	1860	
2363	2895	3136	1862	
2364	2896	3137	1871	
2365	2896	3138	"1874-07"	
2366	2896	3139	1893	"magasin"
2367	2896	3140	1893	"usine"
2368	2897	3141		
2369	2898	572	1820	
2370	2898	3142	1824	
2371	2898	3143	1826	
2372	2898	1124		
2373	2899	3144	1838	
2374	2899	479	1853	
2375	2899	3145	1853	
2376	2900	3146		
2377	2901	3147		
2378	2901	3148	1847	
2379	2904	3149		
2380	2905	3150	1910	
2381	2905	3151	1889	
2382	2905	3152	1899	
2383	2907	3153		
2384	2908	753	1869	
2385	2908	3154	1872	
2386	2909	3155		
2387	2911	759		
2388	2912	3156		
2389	2914	1469		
2390	2914	1889		
2391	2914	3157		
2392	2917	535		
2393	2917	3158	1860	
2394	2918	3159		
2395	2920	3160	1854	
2396	2921	3161		
2397	2924	1836		
2398	2926	3162	1863	
2399	2926	3163	1884	
2400	2927	3164		
2401	2928	3165	"1851-09"	
2402	2928	3166		
2403	2928	3167		
2404	2928	3168	1852	
2405	2928	2019	"1855-04"	
2406	2928	121	"1852-10"	
2407	2930	1844		
2408	2931	832	"1842-08"	
2409	2934	3169	"1851-04"	
2410	2934	3167	1848	
2411	2934	3170	1842	
2412	2935	3171		
2413	2936	3172	1843	
2414	2938	3173	1830	
2415	2938	3174		
2416	2938	3175	1840	
2417	2939	3176		
2418	2939	3177	"1837-04"	
2419	2939	3178		
2420	2939	3179	"1836-12"	
2421	2939	3028	"1830-05"	
2422	2939	18	1829	
2423	2939	3180	"1828-07"	
2424	2939	3181	1826	
2425	2939	3182	1819	
2426	2944	3183	1858	
2427	2947	3184	1854	
2428	2948	3185		
2429	2953	3186		
2430	2954	3187		
2431	2955	3188		
2432	2956	3189		
2433	2959	3190		
2434	2961	3191		
2435	2962	3192	1840	
2436	2962	3193	1842	
2437	2963	2193		
2438	2963	3194		
2439	2963	3740		
2440	2963	3777		
2441	2963	4239		
2442	2963	4556		
2443	2969	3195		
2444	2969	3196		
2445	2972	3197		
2446	2973	3198		
2447	2974	3199	1838	
2448	2975	765	1870	
2449	2975	1806	1870	
2450	2977	3200	1844	
2451	2981	3201		
2452	2984	3202	1847	
2453	2984	390	1855	
2454	2986	3203		
2455	2987	774		
2456	2988	3204		
2457	2989	3205		
2458	2992	3206		
2459	2993	3207	1846	
2460	2993	3208	1841	
2461	2996	3209	1854	
2462	2998	3210		
2463	2999	3211	1853	
2464	3003	3212		
2465	3004	3213	1894	
2466	3007	3214		
2467	3009	3215	1860	
2468	3010	3215		
2469	3012	3216		
2470	3013	3217		
2471	3013	3218	1861	
2472	3016	782		
2473	3017	3219		
2474	3019	3220		
2475	3021	3221	1854	
2476	3022	3222	"~1840"	
2477	3022	3223	1865	
2478	3022	3224	1873	
2479	3022	3225	1879	
2480	3022	2737	1879	
2481	3022	3226	1879	
2482	3026	3227		
2483	3027	3228	1873	
2484	3028	3229	1836	
2485	3028	3230	1842	
2486	3028	3228	1860	
2487	3029	2483	1851	
2488	3029	3231	1851	
2489	3032	2430	1845	
2490	3032	2117	1858	
2491	3033	1767	1868	
2492	3033	3232	1868	
2493	3034	3233		
2494	3034	2117		
2495	3036	3234		
2496	3036	786		
2497	3037	3235		
2498	3038	3236	1839	
2499	3038	830	1854	
2500	3039	1879		
2501	3039	3237	1862	
2502	3040	3238		"Aux Quatre Coins"
2503	3041	3238		
2504	3041	3239		
2505	3043	3240	"1854-04"	
2506	3043	3241	"1854-04"	
2507	3043	3242	"1854-01"	
2508	3043	3243		
2509	3044	1551	1820	"À la pierre lithographique"
2510	3045	3244		
2511	3048	3245	1853	
2512	3048	1954		
2513	3048	3246		
2514	3048	206	1866	
2515	3049	3247		
2516	3053	3248		
2517	3059	3249		
2518	3064	3250		
2519	3065	3251	"1872-01"	
2520	3065	3252	"1869-01"	
2521	3065	3253	1868	
2522	3067	3254	1845	
2523	3071	3255		
2524	3072	1084	1841	
2525	3073	3256	1854	
2526	3080	3257		
2527	3080	3258		
2528	3081	3174	1840	
2529	3081	3259	1849	
2530	3082	3260	1852	
2531	3086	3261		
2532	3086	1098	1819	
2533	3086	3262	1816	
2534	3088	726		
2535	3091	3263		
2536	3092	797		
2537	3093	140		
2538	3093	3264		
2539	3094	207	1842	
2540	3095	3265		
2541	3097	3266		
2542	3098	1425	1855	
2543	3099	2943		
2544	3102	3267		
2545	3107	2916		
2546	3108	3268		
2547	3110	3269	1867	
2548	3110	3270	1888	
2549	3112	3271	1870	
2550	3120	3272		
2551	3122	3273		
2552	3122	3274	1854	
2553	3124	3275	1861	
2554	3125	3276		
2555	3127	3277		
2556	3128	3278		
2557	3129	3279	1868	
2558	3130	3280		
2559	3130	3421		
2560	3130	3281		
2561	3131	3282		
2562	3136	3283		
2563	3136	3284	1832	
2564	3138	3285	1868	"angle rue Gubernatis"
2565	3139	2481		
2566	3146	3286	"1845-07"	
2567	3146	3287	1859	"atelier"
2568	3146	3288	1859	"magasins"
2569	3148	807		
2570	3150	1899		
2571	3151	3289		
2572	3154	1368	1844	
2573	3154	3290		
2574	3159	2547	1837	
2575	3159	3291		
2576	3160	3292		
2577	3160	3293		
2578	3160	2362	1860	
2579	3161	3294	1870	
2580	3167	2764	1855	
2581	3167	3295		
2582	3169	1375	1857	
2583	3169	811	1854	
2584	3169	3296	1849	
2585	3170	3297		
2586	3172	1988		
2587	3172	3298		
2588	3172	3299	1847	
2589	3173	1988		
2590	3173	3298		
2591	3174	3300	1824	
2592	3174	3301	1838	"par changement de numérotation"
2593	3175	3301	1867	"Ainsi nommée en 1824 en l’honneur du duc d’Angoulême, la rue est rebaptisée en 1883 rue Gambetta par la municipalité républicaine, mais Lecesne ne veut pas en tenir compte et continue de s’afficher rue d’Angoulême. Le 18 octobre 1870, l’incendie de Châteaudun par les Prussiens, détruit la maison de Lecesne et son imprimerie, formant tout un quadrilatère situé entre les rues d’Angoulême, de Blois et du Château-Gaillard. En février-mars 1871, l’imprimerie donnant sur la rue du Château-Gaillard reprend son activité avec la reparution de L’Écho dunois. La maison du 21 rue d’Angoulême, reconstruite à grands frais, redevient l’adresse personnelle et professionnelle de Lecesne et de son journal jusqu’en octobre 1887."
2594	3177	3302		
2595	3179	3303	1844	
2596	3179	3304	"1850-09"	
2597	3180	2698	1841	
2598	3181	3305	1857	
2599	3181	3306	1842	
2600	3184	360	1845	
2601	3184	3307	1845	
2602	3185	3308	1878	
2603	3185	3309	"1860-05"	
2604	3185	3310		
2605	3185	3311	1859	
2606	3186	931	1847	
2607	3187	3312		
2608	3192	3313		
2609	3195	3314		
2610	3196	3315	1869	
2611	3197	3316		
2612	3198	3317		
2613	3199	2171	"1820-03"	
2614	3199	3318	"1821-01"	
2615	3199	2030	"1822-01"	
2616	3201	3319		
2617	3202	3320		
2618	3204	814		
2619	3204	164	1859	
2620	3205	2864	1859	
2621	3205	3321	1865	
2622	3208	3322		
2623	3208	3323		
2624	3209	2706	1853	
2625	3209	3324		
2626	3211	3325	1847	
2627	3211	3326	1850	
2628	3211	3327	1863	
2629	3211	3328	1883	
2630	3212	3322		
2631	3212	3329		
2632	3212	3330		
2633	3212	3331	"1869-06"	
2634	3212	3332	"1869-06"	
2635	3213	2764	1846	
2636	3214	3333		
2637	3215	3334		
2638	3215	3335	"1871-06"	
2639	3215	3336	"1874-05"	
2640	3216	3337	1851	
2641	3217	3338	1835	
2642	3218	334	1869	
2643	3219	3339	1858	
2644	3220	3340	1832	
2645	3220	3341		
2646	3222	3342		
2647	3225	3343	1846	
2648	3226	3344		
2649	3228	3345		
2650	3229	3346		
2651	3230	3347	1837	
2652	3230	3348		
2653	3234	3334	1868	
2654	3234	3349	"1866-02"	
2655	3234	3350	"1860-08"	
2656	3234	3351	1859	
2657	3235	3352	1838	
2658	3237	3353	1869	
2659	3237	3354	"1878-04"	
2660	3238	3355	1852	
2661	3238	3356	"1853-11"	
2662	3238	2700	"1855-01"	
2663	3242	3357	1868	
2664	3245	3358	1863	
2665	3246	3359		
2666	3249	1510		
2667	3249	3360		
2668	3250	3361	1847	
2669	3251	3362	1868	
2670	3251	3363	"1870-01"	
2671	3252	3364		
2672	3252	3365	1866	
2673	3253	2867		
2674	3255	3366		
2675	3255	3367		
2676	3256	3368		
2677	3259	1731		
2678	3260	3369	1863	
2679	3260	3370	1863	
2680	3260	3371	1863	
2681	3261	3372	1869	
2682	3262	3373		
2683	3262	3374		
2684	3263	1999		
2685	3263	3375		
2686	3263	3635		
2687	3263	4520		
2688	3263	4549		
2689	3264	3376		
2690	3264	3377	"1851-01"	
2691	3265	3378		
2692	3266	9		
2693	3267	2548	1852	
2694	3267	289		
2695	3267	209	"1859-04"	
2696	3271	3379		
2697	3272	3380	"1872-01"	
2698	3273	3381	1852	
2699	3273	3382		
2700	3273	3383	"1862-11"	
2701	3274	3384		
2702	3274	1784	"1866-04"	
2703	3275	825	1868	
2704	3276	3385	1854	
2705	3277	1615	1861	
2706	3277	3386	"1864-05"	
2707	3278	825		
2708	3280	3387		
2709	3281	3388	1876	
2710	3283	3389	1846	
2711	3290	3390	1849	
2712	3290	3391	1861	
2713	3291	3392		
2714	3292	3393		
2715	3295	2693		
2716	3295	3394		
2717	3295	3395	1847	
2718	3298	831	1828	
2719	3298	3176	"1829-01"	
2720	3298	1605	1852	
2721	3300	3396		
2722	3302	3397	"1852-04"	
2723	3302	3398	"1851-06"	
2724	3303	2834		
2725	3304	1519		
2726	3304	3399		"ateliers"
2727	3305	3400	1823	
2728	3306	509		
2729	3307	1070	1858	
2730	3308	208	1860	
2731	3308	3401	1848	
2732	3308	329		
2733	3308	3402	1853	
2734	3309	3403	1871	
2735	3310	2447		
2736	3310	3404		
2737	3312	3405		
2738	3313	835		
2739	3313	2333		
2740	3314	836		
2741	3314	2403	1837	
2742	3315	3406		
2743	3320	3407	1869	
2744	3320	3408		
2745	3320	3409	"1866-02"	
2746	3320	3410	"1864-08"	
2747	3320	3411	"1863-01"	
2748	3320	3412	1860	
2749	3320	1510	1859	
2750	3320	3413	"1859-04"	
2751	3320	3414	1858	
2752	3320	3415	"1857-10"	
2753	3320	3416	"1852-01"	
2754	3320	3417	1851	
2755	3320	3418	"1851-05"	
2756	3320	3419	"1850-09"	
2757	3320	3420		"celib aparis depuis 2 ans relance après demande en fevrier 48 relance en octobre"
2758	3322	2282		
2759	3323	3280		
2760	3323	3421		
2761	3325	3422		
2762	3326	3423		
2763	3328	3424	1841	
2764	3328	3425	1842	
2765	3328	838	1854	
2766	3329	3426		
2767	3330	3427	1847	
2768	3331	3428	1853	
2769	3331	841	1855	
2770	3332	175	1839	
2771	3332	1913	1845	
2772	3333	1876	1834	
2773	3333	221		
2774	3334	1002		
2775	3340	3355	1829	
2776	3340	3429	1837	
2777	3341	3430		
2778	3342	3431		
2779	3344	15	1838	
2780	3346	3432	1851	
2781	3348	3433		
2782	3348	3434	1840	
2783	3348	3435	1852	
2784	3350	3436	1842	
2785	3351	3437		
2786	3353	3438		
2787	3353	3000	"1860-08"	
2788	3354	2313		
2789	3355	3439	1858	
2790	3359	1189	1854	
2791	3360	3440	1846	
2792	3361	3441	1845	
2793	3361	3442		
2794	3362	3443		
2795	3362	3444		
2796	3362	3445		
2797	3362	3446		
2798	3364	3447		
2799	3367	3448		
2800	3370	3449		
2801	3372	3450		
2802	3373	3451		
2803	3375	3452		
2804	3377	3453		
2805	3378	3454		
2806	3380	3455		
2807	3382	3456		
2808	3384	3457		
2809	3384	3458		
2810	3385	3459	1884	
2811	3385	3460		
2812	3386	3461		
2813	3390	3462	"1873-12"	
2814	3390	3463	1870	
2815	3390	3464	"1863-07"	
2816	3390	3465	1859	
2817	3390	3466	1857	"papeterie"
2818	3392	3467	1856	
2819	3392	3468	1857	
2820	3394	3469		
2821	3398	3470	1829	
2822	3400	3202	1858	
2823	3401	3471	1854	
2824	3402	3472		
2825	3403	3473	1875	
2826	3404	3474	1840	
2827	3404	86		
2828	3404	1413	1838	
2829	3405	1615	1871	
2830	3410	3475		
2831	3411	3476		
2832	3412	855		
2833	3412	3477	"1850-03"	
2834	3412	3478	"1852-01"	
2835	3412	3479	"1852-04"	
2836	3416	3480	1833	
2837	3417	3481		
2838	3419	3482		
2839	3419	3483		
2840	3421	3484	1861	
2841	3421	3485	1867	
2842	3423	3486		
2843	3423	3487		
2844	3423	3488	"1858-07"	
2845	3424	3489		
2846	3426	3490		
2847	3428	3491		
2848	3429	3492		"près de la Cale"
2849	3430	3493		
2850	3430	3494	1852	
2851	3433	3495		
2852	3433	3496	1852	
2853	3438	3497	1869	
2854	3439	3498		
2855	3442	3499	1856	
2856	3442	3500		
2857	3443	3501		
2858	3445	860	1830	
2859	3445	3502	1839	
2860	3445	3503	"1844-01"	
2861	3445	729	"1846-09"	
2862	3446	3504		
2863	3446	3505	"1846-12"	"escalier C"
2864	3447	3506	1831	
2865	3448	3507		
2866	3448	3508	1847	
2867	3448	3509	1847	
2868	3448	3510	1849	
2869	3449	862		
2870	3454	3511	1828	
2871	3454	3512	1843	
2872	3455	3513		
2873	3456	3514	1864	
2874	3456	3515	"1862-02"	
2875	3457	3516		
2876	3458	3517		
2877	3461	2828	1844	
2878	3462	866		
2879	3462	3518	"1866-01"	
2880	3465	3519		
2881	3471	3520		
2882	3475	3521	1846	
2883	3475	3522	1849	
2884	3475	3523	"1868-02"	
2885	3475	3524		
2886	3476	3525		
2887	3477	3526		
2888	3478	722	"1859-01"	
2889	3478	1136	1839	
2890	3479	722	1868	
2891	3485	1316		
2892	3485	3527		
2893	3493	3528	1864	
2894	3493	3529	1877	
2895	3494	871	1856	
2896	3495	3530	1849	
2897	3497	3531		
2898	3498	3532		
2899	3501	3533		
2900	3502	3534		
2901	3504	3535	1823	
2902	3504	2139	1825	"maison du Veau-qui-tête"
2903	3509	3536		
2904	3510	2156		
2905	3511	3419	1850	
2906	3512	877	1831	
2907	3512	383	1837	
2908	3514	3537		
2909	3515	3538	"1860-01"	
2910	3515	3159	1858	
2911	3517	3539	1852	
2912	3517	3540	"1857-10"	"sous les arcades du théâtre italien"
2913	3517	882	1849	
2914	3517	3015	1843	
2915	3518	3541		
2916	3519	882	1844	
2917	3519	2596	1851	
2918	3519	3542	1857	"arcades 2, 3, 4 du Théâtre Italien"
2919	3519	3543	"1860-05"	
2920	3525	3544	1831	
2921	3525	3545	1837	
2922	3526	3546	1845	
2923	3526	3020	1849	
2924	3527	885	1857	
2925	3528	886		
2926	3529	194		
2927	3529	419		
2928	3529	420		
2929	3529	1157		
2930	3529	3547		
2931	3531	1162		
2932	3533	3548		
2933	3535	3549	1818	
2934	3540	3550		
2935	3542	3551		
2936	3544	1136	1852	
2937	3545	3552	1871	
2938	3551	3553	1861	
2939	3551	3218	1872	
2940	3552	600	1838	
2941	3552	317		
2942	3552	3554		
2943	3553	3555	"1837-1879"	
2944	3553	3556	1834	
2945	3553	3557	1838	
2946	3553	3558	1839	
2947	3553	3559	1882	
2948	3556	3153		
2949	3557	3560		
2950	3558	3561		
2951	3559	3562		
2952	3560	3563	1858	
2953	3560	3564	1854	
2954	3560	3565	1848	
2955	3560	3566		
2956	3561	3567	1863	
2957	3561	406	1862	
2958	3561	3568	1860	
2959	3561	2700		
2960	3561	3569	"1856-10"	
2961	3561	3570	"1856-12"	
2962	3561	3571	"1856-05"	
2963	3561	3572	1855	
2964	3563	3573	1854	
2965	3563	3574	1854	
2966	3565	3573	1861	
2967	3565	3575	1861	
2968	3565	3576	1876	
2969	3566	3577		
2970	3566	3578		
2971	3568	3579		
2972	3570	898	1828	
2973	3570	3580	1847	
2974	3571	3319		
2975	3572	666		
2976	3572	3581	1856	
2977	3572	3582	1855	
2978	3574	3583		
2979	3575	3584		
2980	3576	3585		
2981	3577	3586	1879	
2982	3577	3587	1880	
2983	3580	3588		
2984	3585	3589	"1843-02"	
2985	3585	3590	"1843-08"	
2986	3587	3591		
2987	3588	3592	1852	
2988	3588	3593	1858	
2989	3588	3594	1862	
2990	3591	3595		
2991	3591	3596	1874	
2992	3592	3597		
2993	3593	3598	1853	
2994	3595	3599		
2995	3598	904	1846	
2996	3602	3600	"1867-06"	
2997	3602	3601	1861	
2998	3606	3602		
2999	3607	3603		
3000	3616	3604		
3001	3616	3605		
3002	3616	3606	"1853;1870"	
3003	3616	3607		
3004	3619	3608	1838	
3005	3620	3609		
3006	3623	3610	1825	
3007	3623	1957	1826	
3008	3623	3611	1846	"à l’Institut"
3009	3623	3612		
3010	3623	3613		"ancienne tourelle de Saint-Germain-des-Prés (atelier)"
3011	3625	1469		
3012	3625	1889		
3013	3625	3157		
3014	3626	3614		
3015	3627	3615		
3016	3629	3616		
3017	3631	3617		
3018	3633	3618	"1851-03"	
3019	3633	3619		
3020	3637	3620	"1860-04"	
3021	3637	3621	1839	
3022	3637	3622	1834	
3023	3637	3623	1832	
3024	3642	1810		
3025	3642	3624		
3026	3651	3625		
3027	3651	3626		
3028	3653	3627		
3029	3654	98		
3030	3655	3628	1847	
3031	3656	3629	1882	
3032	3656	3630	1892	
3033	3659	3631	1857	
3034	3659	3632	1857	
3035	3662	3633	1854	
3036	3662	3634	1842	
3037	3663	1999		
3038	3663	3375		
3039	3663	3635		
3040	3663	4520		
3041	3663	4549		
3042	3666	3636		
3043	3667	3637	1848	
3044	3671	3638		
3045	3677	3639	"1854-04"	
3046	3677	3640	"1852-07"	
3047	3679	3268		
3048	3681	2570		
3049	3682	3641		
3050	3684	3642	1854	
3051	3691	918		
3052	3693	3643		
3053	3694	3644	1837	
3054	3697	3645	1844	
3055	3697	3646	1851	
3056	3698	3647		
3057	3700	3648	1836	
3058	3700	3649	1854	
3059	3705	3650		
3060	3707	3651		
3061	3707	3652	1843	
3062	3710	3653		
3063	3710	3654	"1850-11"	
3064	3711	3655		
3065	3712	3220		
3066	3714	3656	1868	
3067	3716	3657		
3068	3717	3658		
3069	3724	3659		
3070	3725	3660	1868	
3071	3725	1482	1868	
3072	3726	3661		
3073	3728	3662		"terrasse Vivienne"
3074	3729	3663	1858	
3075	3730	3664	"1842;1875"	
3076	3732	931	1859	
3077	3733	3665	1823	
3078	3733	3666	1853	
3079	3735	3667	1866	
3080	3737	2490		
3081	3737	3668		
3082	3737	3669		
3083	3740	3670	1828	
3084	3740	3671	1824	
3085	3742	3672	1851	
3086	3743	3673		
3087	3745	3674		
3088	3746	930	1864	
3089	3747	931	1847	
3090	3748	3675	1845	
3091	3748	3676	1826	
3092	3749	3677	1845	
3093	3751	2430	1842	
3094	3751	3678	1854	
3095	3753	3679	"1853-11"	
3096	3753	3680	"1853-04"	
3097	3754	2145	1866	
3098	3755	3681	1855	
3099	3755	2104		
3100	3758	3682	"1868-08"	
3101	3758	3683	"1868-01"	
3102	3760	3684		
3103	3761	3685		
3104	3763	1761		
3105	3764	936	1845	
3106	3765	937	1851	"Papeterie"
3107	3765	3686	1870	"Atelier"
3108	3766	3687		
3109	3767	3688	1852	
3110	3767	3689	1860	
3111	3768	938		
3112	3772	3690	1864	
3113	3773	3	1834	
3114	3773	3691	1853	
3115	3774	3692	"1858-10"	
3116	3774	3693	1851	
3117	3774	3694	1838	
3118	3774	3695	1840	
3119	3775	3696		
3120	3775	3697	1854	"papeterie"
3121	3775	3698	1849	
3122	3776	3699	"1858-10"	
3123	3776	3183	"1858-09"	
3124	3778	3700	1834	
3125	3778	40	1837	
3126	3782	3701		
3127	3784	3702	1852	
3128	3784	3703	1852	
3129	3788	3704		
3130	3793	3705		
3131	3803	3706	1860	
3132	3803	3707	1860	
3133	3803	2463	1862	
3134	3804	3708	1871	
3135	3804	3709	1875	
3136	3806	3710	"1859-05"	
3137	3806	3711	1857	
3138	3811	3712		
3139	3812	3713		
3140	3813	3714		
3141	3814	3715		
3142	3816	903		
3143	3818	3716		
3144	3820	3717		
3145	3821	3717		
3146	3824	1231	"1852-10"	
3147	3824	600	"1846-10"	
3148	3824	807		
3149	3825	3718		
3150	3827	1541	1853	
3151	3832	3719	1865	
3152	3833	3720		
3153	3835	3721	"1869-02"	
3154	3835	3722	"1860-03"	
3155	3835	3723	"1857-05"	
3156	3835	3724	1856	
3157	3835	952	1848	
3158	3836	3725	1849	
3159	3838	3726		
3160	3840	3727		
3161	3841	3728	1848	
3162	3841	3729	1849	
3163	3842	3730	"1864-09"	
3164	3842	3731	"1856-01"	
3165	3842	3732	"1855-09"	
3166	3844	3733		
3167	3845	3734	"1856-07"	
3168	3845	3735	"1854-07"	
3169	3845	207	1853	
3170	3845	3736	"1852-11"	
3171	3845	3737	"1852-05"	
3172	3845	3738	"1851-04"	
3173	3846	957	1832	
3174	3850	3739		
3175	3853	2193		
3176	3853	3194		
3177	3853	3740		
3178	3853	3777		
3179	3853	4239		
3180	3853	4556		
3181	3854	3741		
3182	3854	3742	1838	
3183	3857	497	1859	
3184	3857	3743	1874	
3185	3858	3744	1854	
3186	3858	3745	1851	
3187	3859	3746		
3188	3861	3747		
3189	3862	3748	1838	
3190	3862	3749	1846	
3191	3863	3750		
3192	3865	3751		
3193	3868	3752		
3194	3872	3753		
3195	3873	3449	1872	
3196	3873	3754	1872	
3197	3876	3755		
3198	3877	3756		
3199	3878	3757		
3200	3879	3025		
3201	3880	3758	1854	
3202	3881	3759	1875	
3203	3882	3760		
3204	3883	2700		
3205	3887	3761	"1853-11"	
3206	3887	373	"1852-06"	
3207	3887	3762		
3208	3890	3763	1851	
3209	3891	2660		
3210	3892	3764	1870	
3211	3892	3765		"papeterie"
3212	3896	3766		
3213	3897	3767		
3214	3901	967	1839	
3215	3901	3768	"1849-09"	
3216	3902	3769		
3217	3903	3770	1817	
3218	3903	1641	1830	
3219	3903	3771	1829	
3220	3903	3772	1830	
3221	3904	3773		
3222	3905	1641	1837	
3223	3906	3774		
3224	3906	3775	1865	
3225	3907	5	"1860-09"	
3226	3908	3776		
3227	3911	2193		
3228	3911	3194		
3229	3911	3740		
3230	3911	3777		
3231	3911	4239		
3232	3911	4556		
3233	3913	3778		
3234	3914	3779		
3235	3915	976		
3236	3917	3780		
3237	3917	3781	1892	
3238	3917	3782	1892	
3239	3921	2139	1842	
3240	3921	3783	1842	
3241	3921	3784	1859	
3242	3925	3785	1849	
3243	3928	3786	1857	
3244	3928	3787	1855	
3245	3930	660	1867	
3246	3933	3391		
3247	3934	3788	1879	
3248	3935	3789		
3249	3937	3790		
3250	3937	3620	1858	
3251	3938	3791		
3252	3939	3792		
3253	3940	3793		
3254	3943	3794		"boutique"
3255	3943	980		"ateliers"
3256	3945	2735	1894	
3257	3945	3795	1894	
3258	3945	3796	1900	
3259	3945	3797	1907	
3260	3945	3798		
3261	3946	3799		
3262	3948	3800		
3263	3950	983	1851	
3264	3950	3801	1848	
3265	3950	3802	1837	
3266	3951	3199		
3267	3953	3803	1844	
3268	3954	3804		
3269	3959	3805		
3270	3963	1267		
3271	3963	3806		
3272	3964	3807	1854	
3273	3964	3808		
3274	3964	3809	1856	
3275	3965	987	1856	
3276	3965	3810	1855	
3277	3965	3811	1870	
3278	3965	3812	1872	
3279	3966	3813		
3280	3967	3814	"1856-05"	
3281	3968	3815	"1878-01"	
3282	3969	600	1826	
3283	3969	527		
3284	3969	1224	1815	
3285	3970	3816	1842	
3286	3970	3817	1841	
3287	3970	2283	1840	
3288	3970	3818		
3289	3971	3819		
3290	3972	3820	1834	
3291	3973	3821		
3292	3973	992	1849	"Le Plan"
3293	3975	3822		
3294	3975	3823		
3295	3977	1761	1839	
3296	3979	3690		
3297	3980	3824	1869	
3298	3981	3825		
3299	3982	3826		
3300	3983	2794	1859	
3301	3986	3827		
3302	3988	3828	1848	
3303	3991	3829	1853	
3304	3991	3830	1857	
3305	3992	997		
3306	3993	3831	1878	
3307	3994	3832		
3308	3995	3833	1854	
3309	3995	3834		"typographie"
3310	3995	4114		"typographie"
3311	3995	3835	1869	
3312	3996	3836	1844	
3313	3996	3837		
3314	3997	3838		
3315	4003	3839	1862	
3316	4003	3840	1895	
3317	4008	3841		
3318	4016	3842		
3319	4016	2193		
3320	4016	3194		
3321	4016	3740		
3322	4016	3777		
3323	4016	4239		
3324	4016	4556		
3325	4018	1831		
3326	4019	3843		
3327	4021	1600	1868	
3328	4024	3844	1846	
3329	4024	3845	1830	
3330	4029	3846	1849	
3331	4031	3847	1854	
3332	4037	3848		
3333	4038	3849		
3334	4044	3850	"1868-11"	
3335	4044	81	"1868-11"	
3336	4044	3851	"1867-09"	
3337	4044	3852	"1868-12"	
3338	4044	3853	"1868-12"	
3339	4045	3854		
3340	4045	762		
3341	4045	3855	"1846-07"	
3342	4047	3856		
3343	4047	3857	1849	
3344	4052	3858		
3345	4054	3859	1853	
3346	4054	3860	"1853-1867;1882-1898"	
3347	4054	3861	"1867-1882"	
3348	4055	3859	1850	
3349	4055	3862		
3350	4056	751	1827	
3351	4056	3863	1827	
3352	4056	3864	1836	
3353	4056	3865	1850	
3354	4060	3866		
3355	4061	3867		
3356	4063	3868		
3357	4063	1753		
3358	4063	3869		
3359	4064	3870	"1851-09"	
3360	4066	3871		
3361	4067	3871		
3362	4068	3872		
3363	4069	3873		
3364	4070	3874		
3365	4072	3875		
3366	4073	80		
3367	4073	1374	"1860-06"	
3368	4077	3876		
3369	4082	3877		"chez son frère"
3370	4083	497	1855	
3371	4084	3878		
3372	4086	3879	1860	
3373	4087	3880	1849	
3374	4087	3881	"1853-10"	
3375	4091	3882	"1858-07"	
3376	4091	3883		"atelier en taille-douce"
3377	4092	3882	1870	
3378	4096	3884		
3379	4096	2412	1820	
3380	4096	3084	1822	
3381	4097	3885	1867	
3382	4097	2834	1865	
3383	4097	3886	1859	
3384	4097	3887		
3385	4097	3888		
3386	4098	3889	1843	
3387	4098	3890	1836	
3388	4101	3538	1863	
3389	4101	3891	1864	
3390	4102	2804		
3391	4103	2804		
3392	4104	3892	1867	
3393	4105	3893		"Palais royal"
3394	4109	3894		
3395	4110	2150		
3396	4110	3895		
3397	4111	3896	1836	
3398	4111	3897	1841	
3399	4112	3898		
3400	4112	3899		
3401	4113	2884		
3402	4114	3900	"1854-06"	
3403	4114	3901	"1853-04"	
3404	4114	3902	"1850-12"	
3405	4114	3900		
3406	4114	2443	1842	
3407	4115	3903		
3408	4115	3904	"1852-10"	
3409	4117	3905		
3410	4120	3906		
3411	4120	3907	1853	
3412	4122	3908	"1854-05"	
3413	4122	3909	"1854-01"	
3414	4122	3910	"1853-05"	
3415	4123	2605		
3416	4124	1020	1860	
3417	4124	655	1863	
3418	4129	3911		
3419	4129	3912		
3420	4130	1848	1839	
3421	4131	3913	1844	
3422	4132	1848		
3423	4132	1022	1834	
3424	4136	3914		
3425	4137	1023	1837	
3426	4140	3915	1873	
3427	4140	3916	1871	
3428	4141	3917		
3429	4142	1592	1837	
3430	4142	3918		
3431	4143	3919	1877	
3432	4143	1745	"1868-06"	
3433	4143	3279	"1868-03"	
3434	4143	1025	"1868-01"	
3435	4145	3920	1854	
3436	4146	479	1869	
3437	4146	3145	1869	
3438	4147	3921	1865	
3439	4149	3922		
3440	4150	2120		
3441	4152	3923		
3442	4153	3924	"1864-05"	
3443	4153	3925	1851	"l’Hôpital"
3444	4154	3926	1857	
3445	4154	3927	"1857-01"	
3446	4154	3928	1855	
3447	4155	3929	"1864-09"	
3448	4155	3089	1863	
3449	4161	3930	1854	
3450	4163	3931		
3451	4164	3423		
3452	4165	3932		
3453	4167	1670		
3454	4169	3933	1837	
3455	4170	3934		
3456	4171	2479	"1860-01"	
3457	4171	664	1859	
3458	4174	3935		
3459	4175	474		
3460	4176	1032		
3461	4179	3936		
3462	4182	1670	1854	
3463	4183	3937	"1853-04"	
3464	4183	3938	"1852-08"	
3465	4183	3939	1852	
3466	4189	3940	1867	
3467	4190	692	1853	
3468	4191	3941	1867	
3469	4192	3942		
3470	4201	3943		
3471	4202	3944	1824	
3472	4202	3945	1830	
3473	4202	3943	1835	
3474	4204	3946		
3475	4206	2659	1829	
3476	4206	3947	1829	
3477	4206	2609	1854	
3478	4206	3948	1854	
3479	4207	396		
3480	4208	3949	1829	
3481	4212	3702		
3482	4212	3703		
3483	4213	3950	"1865-07"	
3484	4213	3951	"1861-08"	
3485	4213	3952	"1858-12"	
3486	4213	1111	1852	
3487	4214	3953		
3488	4214	3954	1826	
3489	4214	3955		
3490	4214	3956	1850	
3491	4215	3957		
3492	4218	3958		
3493	4218	3959		
3494	4218	2249		
3495	4219	3960	1834	
3496	4220	3961		
3497	4221	3962		
3498	4222	748		
3499	4229	3963		
3500	4232	3029		
3501	4233	3951	"1866-03"	
3502	4233	3964	1856	
3503	4233	80	1850	
3504	4233	2907	1848	
3505	4234	3965	1837	
3506	4234	3966	1837	
3507	4238	3967	1860	
3508	4239	3968		
3509	4239	3969		
3510	4240	3377	1856	
3511	4243	3970		
3512	4245	3254	1866	
3513	4247	3971		
3514	4248	3972	1850	
3515	4248	3973	1847	
3516	4248	3974	1850	
3517	4251	3329	1849	
3518	4253	3975		
3519	4256	2610	1854	
3520	4259	3976		
3521	4260	3977		
3522	4262	3978	1854	
3523	4262	4041	1854	
3524	4263	3979	1850	
3525	4264	3812	1873	
3526	4267	3980	"1866-08"	
3527	4267	3981	1866	
3528	4268	3982		
3529	4269	3983		
3530	4270	3984	1823	
3531	4270	3985	1827	
3532	4270	3986	1849	
3533	4273	3987	1859	
3534	4279	3988	1845	
3535	4279	3989		
3536	4279	3990		
3537	4279	3991	1850	
3538	4280	3992		
3539	4282	3993		
3540	4284	3994	"1863-07"	
3541	4284	3995	"1862-02"	
3542	4284	3996		
3543	4285	3997	1845	
3544	4285	3998	1845	
3545	4286	3999	"1858-04"	
3546	4286	4000	1850	
3547	4290	4001		
3548	4295	4002		
3549	4296	4003	"1857-12"	
3550	4296	2431	1855	
3551	4300	4004		
3552	4301	4005		
3553	4303	4006		
3554	4305	684	1854	
3555	4306	4007		
3556	4307	4008	1846	
3557	4307	4009	1849	
3558	4308	4010	1847	
3559	4308	4011	"1852-04"	
3560	4308	1928	"1852-04"	
3561	4308	4012	1863	
3562	4309	1692		
3563	4314	4013		
3564	4317	4014	"1847-04"	
3565	4317	4015	"1845-08"	
3566	4318	4016		
3567	4318	4017	"1854-02"	
3568	4318	4018	"1854-02"	
3569	4320	4019		
3570	4321	4020		
3571	4322	4021		
3572	4324	2333	"1869-10"	
3573	4324	4022	1868	
3574	4324	4023		
3575	4324	4024	1870	
3576	4326	1053	1845	
3577	4332	3175	1863	
3578	4332	4025	1863	
3579	4333	4026	1856	
3580	4334	4027		
3581	4338	2219	"1863-03"	
3582	4338	4028	1854	
3583	4339	4029		
3584	4340	4030		
3585	4340	4031		
3586	4343	1400		
3587	4344	4032		
3588	4345	4033	1852	
3589	4346	2423		
3590	4347	4034		
3591	4349	122	1841	
3592	4349	1060	1823	
3593	4352	4035		
3594	4353	1833		
3595	4357	4036	1868	
3596	4357	4037	1871	
3597	4361	126		
3598	4362	4038		
3599	4368	4039		
3600	4368	4040		"devenue"
3601	4368	3978	1826	
3602	4368	4041	1826	
3603	4369	1189		"atelier typographique et lithographique"
3604	4369	1531		"atelier en taille-douce"
3605	4369	1315	1854	
3606	4372	838		
3607	4373	4042	"1850-09"	
3608	4373	4043		
3609	4373	4044		
3610	4375	4045	1854	
3611	4375	4046	1857	
3612	4377	4047	1868	
3613	4378	4048	"1853-10"	
3614	4378	1066	1855	
3615	4378	394	1850	
3616	4380	4049		
3617	4381	4050		
3618	4383	4051	1862	
3619	4383	4052	1866	
3620	4384	4053	1849	
3621	4384	4054		
3622	4386	3560		
3623	4387	4055	1841	
3624	4387	4056		
3625	4387	506		
3626	4387	3818		
3627	4387	4057	1836	
3628	4387	4058	1831	
3629	4388	4059	1861	
3630	4388	4060	1861	
3631	4390	2148	1864	
3632	4390	2149	1864	
3633	4391	4061		
3634	4394	4062		
3635	4396	3171	1861	
3636	4397	4063	1828	
3637	4397	4064	1828	
3638	4398	512	1861	
3639	4398	4065	1861	
3640	4398	4066	1861	
3641	4399	499	1870	
3642	4399	4067	1857	
3643	4399	4068	1854	
3644	4399	4069	1847	
3645	4399	4070		
3646	4400	4071		
3647	4402	4072	1859	
3648	4402	4073	1859	
3649	4402	4074	1859	
3650	4402	4075	1859	
3651	4403	2056		
3652	4404	4076		
3653	4405	1074		
3654	4407	2332		
3655	4407	4077		
3656	4409	4078	1806	
3657	4416	3330		
3658	4416	54		
3659	4418	4079		
3660	4421	4080	1847	
3661	4421	3601	1857	
3662	4423	4081		
3663	4425	2729		
3664	4425	4082		
3665	4426	1773	1849	
3666	4427	4083		
3667	4428	4084		
3668	4428	4083		
3669	4429	4085		
3670	4432	4086	1849	
3671	4432	4087	1839	
3672	4432	1351		
3673	4432	2585	1834	
3674	4432	4088	1840	
3675	4433	4089		
3676	4434	4090	1866	
3677	4434	4091	1879	
3678	4436	4092	1828	
3679	4437	4093	1852	
3680	4438	1676	"1854-12"	
3681	4438	4094	1835	
3682	4439	4095	1868	
3683	4441	2148		
3684	4441	2149		
3685	4441	4096		
3686	4442	4097		
3687	4443	4098	1844	
3688	4443	4099	1853	
3689	4444	4100		
3690	4447	4101		
3691	4449	1730	1861	
3692	4450	4102	"1857-10"	
3693	4450	4103	"1857-10"	
3694	4451	4104	"1856-11"	
3695	4451	150	1854	
3696	4452	4105		
3697	4452	4106		
3698	4459	4107		
3699	4461	4108		
3700	4463	4109	1863	
3701	4463	3567	1863	
3702	4464	3702		
3703	4464	3703		
3704	4469	4110	1852	
3705	4469	4111		
3706	4469	4112	1844	
3707	4470	803		
3708	4471	4113		
3709	4478	3834		
3710	4478	4114		
3711	4480	4115		
3712	4480	4116	1858	
3713	4482	4117		
3714	4488	4118	"1852-06"	
3715	4490	4119	1837	
3716	4491	4120		
3717	4493	4121	1858	
3718	4496	4122		
3719	4497	4123		
3720	4497	4124	1855	
3721	4498	4125	1870	
3722	4498	4126		
3723	4501	4127		
3724	4502	4128		
3725	4503	4129	"1865-12"	
3726	4503	3409	"1864-10"	
3727	4503	4130	1861	
3728	4503	4131	"1859-08"	"adresse temporaire"
3729	4503	142	"1858-10"	
3730	4503	4132	1854	
3731	4504	1088		
3732	4505	1088		
3733	4507	4133		
3734	4515	2003		
3735	4517	1025		
3736	4518	4134		
3737	4521	4135	1860	
3738	4522	4136		
3739	4523	4137		
3740	4526	4138		
3741	4529	4139		
3742	4532	4140	1854	
3743	4535	1703	1844	
3744	4535	1467	1848	
3745	4536	2173	1827	
3746	4537	4141		
3747	4538	4142		
3748	4538	4143	1842	
3749	4538	1481	1844	
3750	4539	4144		
3751	4541	4145		
3752	4542	126	1864	
3753	4545	4146		
3754	4546	4147	1859	
3755	4546	4148	1858	
3756	4547	4149		
3757	4548	4150		
3758	4549	4151		
3759	4551	4152		
3760	4554	4153		
3761	4559	1485	1856	
3762	4559	4154	1870	
3763	4559	577		
3764	4560	4155		
3765	4560	4156	1887	
3766	4561	4157	1849	
3767	4561	4158		
3768	4564	2970		
3769	4565	1099		
3770	4565	4159	1848	
3771	4566	4160		
3772	4573	4001	1863	
3773	4575	2699	1863	
3774	4575	786	1863	
3775	4576	4161		
3776	4577	4162		
3777	4581	4163		
3778	4582	1106	1869	
3779	4584	4164		
3780	4585	4165	1848	
3781	4585	1236	1844	
3782	4585	1124	1846	
3783	4585	1875	1841	
3784	4586	4166	1854	
3785	4587	1875		
3786	4587	1124	1841	
3787	4588	3951	1866	
3788	4588	3964	1857	
3789	4589	4167		
3790	4592	4168	1849	
3791	4593	1032	1863	
3792	4593	4169		
3793	4593	4170		
3794	4595	4171		
3795	4596	1255	1841	
3796	4598	4172		
3797	4598	4173	1858	
3798	4599	4174		
3799	4600	4175	1854	
3800	4601	4176		
3801	4601	4177		
3802	4601	4178		
3803	4602	4179	1833	
3804	4603	4179		
3805	4609	4180	1828	
3806	4609	4181	1832	
3807	4609	4169	1837	
3808	4610	4182	"1863-07"	
3809	4610	4183	1860	
3810	4611	168	1850	
3811	4614	4184	1869	
3812	4614	4185	1869	
3813	4614	4186	1872	
3814	4615	4187		
3815	4616	4188	1854	
3816	4618	4189	1873	
3817	4620	4190	1854	
3818	4621	4006		
3819	4626	4191	1854	
3820	4629	4192	1835	
3821	4631	684		
3822	4631	4193	1830	
3823	4633	4194	1856	
3824	4634	4195	1858	
3825	4635	1971	1871	
3826	4637	4196	1858	
3827	4639	4197		
3828	4640	1124	1838	
3829	4642	4198		
3830	4645	4197	1845	
3831	4645	4199	1865	
3832	4649	4200		
3833	4651	4201	1835	
3834	4651	4202		
3835	4651	4203	1849	
3836	4652	4204		
3837	4653	4205		
3838	4655	4206		
3839	4656	2942	1880	
3840	4657	4207		
3841	4658	4208		
3842	4659	4209	1845	
3843	4662	4210		
3844	4662	1877		
3845	4662	2619		
3846	4662	4211		
3847	4662	4347		
3848	4664	4212	1871	
3849	4665	4213		
3850	4666	4214		
3851	4668	4215		
3852	4670	4216	1872	
3853	4670	4217	1882	
3854	4677	4004		
3855	4678	4218		
3856	4679	4219		
3857	4682	4220		
3858	4683	3813		
3859	4684	310		
3860	4686	4221	1839	
3861	4686	4222	1839	
3862	4687	4223	1857	
3863	4688	4224		
3864	4688	4225	1876	
3865	4690	4226		
3866	4694	4227		
3867	4696	1131	1850	
3868	4696	1070	"1853-05"	
3869	4696	4228	"1852-08"	
3870	4697	3677		
3871	4701	4229	1854	
3872	4702	2898	1862	
3873	4704	4230		
3874	4706	4231	1857	
3875	4709	4232		
3876	4710	4233	1836	
3877	4711	4234	1863	
3878	4714	4235		
3879	4715	653	1860	
3880	4716	1135	1852	
3881	4718	653	1860	
3882	4719	4236		"courant"
3883	4720	4237		
3884	4722	3713		
3885	4723	4238		
3886	4732	2193		
3887	4732	3194		
3888	4732	3740		
3889	4732	3777		
3890	4732	4239		
3891	4732	4556		
3892	4734	4240		
3893	4735	1966		
3894	4736	4241	1855	
3895	4736	1957	1846	
3896	4737	4242	1848	
3897	4737	4243	1840	
3898	4741	4244		
3899	4742	4245	1865	"librairie"
3900	4742	4246	1866	"librairie"
3901	4742	4247	1874	"librairie"
3902	4742	4248	1874	"librairie"
3903	4743	1879	"1855-04"	
3904	4743	4249	"1852-05"	
3905	4744	4250	1875	
3906	4744	4251		
3907	4746	4252		
3908	4748	4253		
3909	4748	4254		
3910	4749	4255		
3911	4751	4256		
3912	4751	4257		
3913	4752	3886		
3914	4752	4258		
3915	4754	4259	1807	
3916	4754	3906	1822	
3917	4754	4260	1822	
3918	4754	4261	1827	
3919	4755	974	1853	
3920	4756	3535	1823	
3921	4758	4262		
3922	4760	4263		
3923	4760	733		
3924	4760	1912		
3925	4760	4264		
3926	4766	4265	1865	
3927	4766	4266	1869	
3928	4771	4267		
3929	4774	33		
3930	4776	4268	1860	
3931	4776	4269	1858	
3932	4776	4270	1855	
3933	4776	4271	1854	
3934	4777	4272		
3935	4779	4273	1852	
3936	4779	4274	1856	
3937	4779	4275		
3938	4779	3814		
3939	4780	4276		
3940	4780	4277		
3941	4780	4278		
3942	4780	4279		
3943	4785	4280	1832	
3944	4786	4281		
3945	4788	3677		
3946	4788	4282		
3947	4788	4283		
3948	4789	4284	1862	
3949	4790	4285		
3950	4794	3790	1844	
3951	4794	545	1846	
3952	4795	4286		
3953	4797	655	1864	
3954	4797	1155	1866	"horlogerie"
3955	4802	3430		
3956	4804	4287		
3957	4805	4288		
3958	4805	1396	1839	
3959	4805	4289		
3960	4805	1290	1842	
3961	4805	4290		
3962	4806	1156	1851	
3963	4806	4291	1854	
3964	4809	4292	1856	
3965	4811	1610	1854	
3966	4811	4293	1858	
3967	4814	4294	1847	
3968	4815	4295	1816	
3969	4815	1387	1830	
3970	4815	4294	1839	
3971	4820	4296	1831	
3972	4820	4297		
3973	4821	4297	1830	"à la Grille"
3974	4825	4298	1835	
3975	4826	4299		
3976	4827	4300	1851	
3977	4832	4301	1837	
3978	4833	4302	1831	
3979	4833	4303		
3980	4835	4304	1854	
3981	4838	4305	1853	
3982	4842	4306		
3983	4844	4307	1825	
3984	4845	616		
3985	4845	4308		
3986	4846	3159	1853	
3987	4846	4309	1851	
3988	4848	664	1861	
3989	4850	4310		
3990	4851	333	1855	
3991	4853	3071		
3992	4856	4311	1861	
3993	4856	4312	1853	
3994	4858	1529	1872	
3995	4858	1984	1875	
3996	4858	4313	1861	
3997	4859	4314	1827	
3998	4863	4315	1871	
3999	4864	4316	1819	
4000	4864	4317	1821	
4001	4864	4318	1828	
4002	4865	4319	1837	"dépôt"
4003	4867	1782		"imprimerie"
4004	4867	4320		"Papeterie de l’Estafette"
4005	4870	572	1819	
4006	4870	3142	1819	
4007	4870	4321	1826	
4008	4871	4322	1843	
4009	4871	4323	1854	
4010	4871	1855	1841	
4011	4872	4324		
4012	4873	4325	1828	
4013	4873	4326	1822	
4014	4873	4327	1849	
4015	4874	4328		
4016	4875	4329	"1864-10"	
4017	4876	4330	1845	
4018	4876	4331	1836	
4019	4880	4332		
4020	4884	4333		
4021	4887	4149	1880	
4022	4887	4334	1900	
4023	4888	1706		"angle rue de l’Écosserie"
4024	4889	1497	1846	
4025	4891	2123		
4026	4892	4335		
4027	4892	4336		
4028	4893	4337		
4029	4896	4338	1851	
4030	4897	4339	1862	
4031	4898	4340	1833	
4032	4901	4341		
4033	4906	1496	"1840-08"	
4034	4906	1467	1840	
4035	4906	4342	1849	
4036	4907	4343	1840	
4037	4908	4344		
4038	4908	4345	1850	
4039	4911	4346		
4040	4912	1877		
4041	4912	2619		
4042	4912	4211		
4043	4912	4347		
4044	4913	4348	1844	
4045	4913	4349	1856	
4046	4916	333	1841	
4047	4916	4350	1846	
4048	4916	4351	1868	
4049	4916	4352	1844	"Bernard, Simon et cie"
4050	4919	4353		
4051	4921	4354	"1859-04"	
4052	4921	4355	1858	
4053	4921	4356	1841	
4054	4921	2247	1862	
4055	4921	2351	1863	
4056	4922	4357		
4057	4926	1183		
4058	4927	4358	1875	
4059	4928	4359	1875	
4060	4930	4360		
4061	4931	4361	1831	
4062	4931	4362	1828	
4063	4931	4363	1824	
4064	4931	1182	1823	
4065	4935	4364		
4066	4937	4365	1849	
4067	4938	4366		
4068	4939	4367		
4069	4941	1185	1832	
4070	4942	4368		
4071	4942	4369		
4072	4942	4370	"1858-07"	
4073	4945	4371		
4074	4945	3010	1829	
4075	4947	4372	1879	
4076	4947	4373	1899	
4077	4948	4374	1854	
4078	4948	4375		
4079	4948	4376	"1862;1870"	
4080	4949	4377		
4081	4950	4378	1831	
4082	4950	4379	1854	
4083	4951	4380	1854	
4084	4952	4381	1849	
4085	4954	4382	1845	
4086	4954	4383	1845	
4087	4954	4384		
4088	4954	4385	"1852-07"	
4089	4956	4386	"1861-10"	
4090	4956	4387		
4091	4958	4267		
4092	4959	3088		
4093	4960	4388		
4094	4961	4389		
4095	4966	4390		
4096	4967	4391		
4097	4970	4392	1869	
4098	4971	4393	1873	
4099	4972	4394	1854	
4100	4973	4395		
4101	4973	4396	1856	
4102	4977	4397	1870	
4103	4978	4398	1836	
4104	4980	4399	1858	
4105	4983	4400		
4106	4983	4401		
4107	4985	4402		
4108	4986	1193		
4109	4987	4403	1853	
4110	4988	4404	1852	
4111	4989	4405		
4112	4991	4098		
4113	4991	4406	1840	
4114	4995	4407		
4115	4996	2564	1860	
4116	4996	416	"1868-03"	
4117	4998	4408		
4118	4999	4409		
4119	5000	4410		
4120	5002	4411	1854	
4121	5006	4412		
4122	5007	1199		
4123	5011	4413	1847	
4124	5014	4414	1834	
4125	5016	4415		
4126	5017	4416		
4127	5018	4417	1864	
4128	5019	4418		
4129	5020	206	1860	
4130	5021	1273		
4131	5022	4027		
4132	5024	4419		
4133	5025	4420	1863	
4134	5026	4421	1827	
4135	5027	455	1833	
4136	5027	4422	1845	
4137	5028	4423		
4138	5030	4424	1842	
4139	5034	4425		
4140	5035	4426		
4141	5038	4427		
4142	5041	4428		
4143	5042	4429		
4144	5047	2907	1857	
4145	5050	4430		
4146	5053	4431	1839	
4147	5053	4432	1848	
4148	5053	4433	"1840-03"	
4149	5054	3903	1856	
4150	5054	2187	1868	
4151	5058	4434		
4152	5061	2261		
4153	5061	4435		
4154	5067	4436	1869	
4155	5070	4268	1865	
4156	5072	4437		
4157	5072	4438		
4158	5073	4439	1833	
4159	5074	4440		
4160	5078	4441		
4161	5079	2057	1855	
4162	5080	2724		
4163	5081	4442	1871	
4164	5081	4443	1870	
4165	5083	4444	1866	
4166	5085	4445	1861	
4167	5086	4446	1847	
4168	5086	4447	1854	
4169	5091	4448		
4170	5094	143		
4171	5097	4333		
4172	5099	4449		
4173	5100	4450		
4174	5100	4451	1866	
4175	5105	4452		
4176	5106	4453	1856	
4177	5108	3570	"1865-07"	
4178	5108	4454	"1854-03"	
4179	5108	4455	"1851-07"	
4180	5108	1690	"1851-04"	
4181	5109	4456	1863	
4182	5109	1218		
4183	5110	4457		
4184	5113	4458		
4185	5114	4459	1839	
4186	5118	4460	1856	
4187	5118	3734	"1854-06"	
4188	5118	4461	"1852-10"	
4189	5118	3528	"1852-04"	
4190	5120	4462		
4191	5121	1220		
4192	5121	4463	1856	
4193	5122	4165		
4194	5125	4464	1853	
4195	5125	4465	1852	
4196	5127	4466		
4197	5128	4443	1863	
4198	5128	1548	1855	
4199	5130	4467	1864	
4200	5130	4000	1858	
4201	5131	1224	1831	
4202	5131	4468	1846	
4203	5132	4469	1861	
4204	5132	4470	"1857-02"	
4205	5132	4471	1856	
4206	5132	4472	1856	"Maison à New-York"
4207	5133	4473	1864	
4208	5133	4474		
4209	5135	4475		
4210	5136	4476		
4211	5138	664	1857	
4212	5138	3711		
4213	5139	1225		
4214	5141	3734	1856	
4215	5141	256	1867	
4216	5143	4477	"1873-08"	
4217	5143	4478	"1869-02"	
4218	5143	3294	"1863-01"	
4219	5143	4478	"1861-06"	
4220	5143	3620		
4221	5147	4479	1854	
4222	5147	4480	1839	
4223	5147	4481	1834	
4224	5148	4482		
4225	5150	4483		
4226	5151	2409	1861	
4227	5155	4484		
4228	5155	2581	1896	
4229	5155	4485	1896	
4230	5155	4486	1899	
4231	5157	4487		
4232	5158	4488		
4233	5160	1510	1862	
4234	5160	4489	1859	
4235	5160	3551	1857	
4236	5162	1236	1847	
4237	5163	4490		
4238	5163	4491	1848	
4239	5163	4492	1854	
4240	5164	4493	"1872-04"	
4241	5164	4494	"1869-10"	
4242	5164	4495	"1869-04"	
4243	5164	4496	"1867-04"	
4244	5164	4497	"1866-06"	
4245	5164	4498	1865	
4246	5165	4499		
4247	5166	4500	1865	
4248	5166	4501	"1853-04"	
4249	5166	2967		
4250	5167	4502		
4251	5168	4503	1862	
4252	5170	4504	1844	
4253	5171	4401		
4254	5175	4505	1831	
4255	5179	4252	1871	
4256	5181	885	1855	
4257	5181	4506		
4258	5185	4507	1844	
4259	5187	4508		
4260	5188	1106	1855	
4261	5188	81		
4262	5189	206	1849	
4263	5190	3892	1864	
4264	5190	2282		
4265	5193	4509	"1852-11"	"temporaire"
4266	5193	4510	1852	
4267	5197	4511		
4268	5198	4512		
4269	5200	4513	1853	
4270	5202	4514		
4271	5203	4515		
4272	5204	4516	"1863-10"	
4273	5204	4517		
4274	5206	4518		
4275	5208	4519		
4276	5209	2130		
4277	5216	1999	1821	
4278	5216	3375	1821	
4279	5216	3635	1821	
4280	5216	4520	1821	
4281	5216	4549	1821	
4282	5216	4521	1828	
4283	5217	4522	"1860-09"	"imprimerie typographique"
4284	5217	4523	1860	"imprimerie typographique"
4285	5217	184	1860	"imprimerie lithographique"
4286	5217	594		
4287	5218	1496	1835	
4288	5219	4524		
4289	5220	1871	1837	
4290	5221	4525	1840	
4291	5221	4526	1840	
4292	5222	4527		
4293	5224	4528	"1868-07"	
4294	5224	4529	"1868-07"	
4295	5224	786	"1861-06"	
4296	5224	4530		
4297	5224	1240		"papeterie"
4298	5225	4531		
4299	5228	4532	"1866-04"	
4300	5228	1913	"1860-04"	
4301	5228	4509	1858	
4302	5231	4533		
4303	5232	4534		
4304	5234	1480	"1886-1889"	
4305	5234	4535	"1889-1906"	
4306	5241	4536	1819	
4307	5241	4537	1827	
4308	5241	1244	1837	
4309	5242	1244	1849	
4310	5242	2389	1862	
4311	5242	270	1858	
4312	5245	3977		
4313	5247	4538		
4314	5249	493		
4315	5251	4539		
4316	5252	4540	1855	
4317	5252	2261	"1868-11"	
4318	5252	4435	"1868-11"	
4319	5253	4541		
4320	5254	4542		
4321	5255	4543	1850	
4322	5256	4544		
4323	5257	4545		
4324	5264	1827	1854	
4325	5264	4546		
4326	5264	4547		
4327	5265	4548		
4328	5266	653		
4329	5267	1999		
4330	5267	3375		
4331	5267	3635		
4332	5267	4520		
4333	5267	4549		
4334	5268	4550		
4335	5269	3897		
4336	5271	4551		
4337	5272	4194	"1853-04"	
4338	5272	4552	"1852-04"	
4339	5272	4553	"1851-06"	
4340	5272	4554	"1850-12"	
4341	5272	4555	"1849-11"	
4342	5273	4194		
4343	5273	4552		
4344	5280	2193		
4345	5280	3194		
4346	5280	3740		
4347	5280	3777		
4348	5280	4239		
4349	5280	4556		
4350	5281	4557	1854	
4351	5283	4558	1846	
4352	5286	4559		
4353	5288	4560	1864	
4354	5288	4561		
4355	5289	4562		
4356	5291	4563		
4357	5292	4564	1869	
4358	5293	4565	1859	
4359	5293	931		
4360	5303	4566		
4361	5304	4567		
4362	5304	4568		
4363	5305	4569	1867	
4364	5308	4570		
4365	5310	2495		
4366	5310	4571	1891	
4367	5311	4572		
4368	5314	4573		
4369	5315	4574		
4370	5315	2758		
4371	5316	3074	1862	
4372	5316	4575	1862	
4373	5316	4576	1859	
4374	5316	4577		
4375	5316	4578	1857	
4376	5316	4579	1856	
4377	5316	4580	1856	
4378	5316	4581	1855	
4379	5316	4582	1854	
4380	5316	4583		
4381	5316	4584	1852	
4382	5317	4585		
4383	5318	1255	1867	
4384	5319	4586	1852	
4385	5320	4587		
4386	5324	4588	1848	
4387	5324	4589	1850	
4388	5325	4590	1838	
4389	5326	2789		
4390	5332	4591	1865	
4391	5332	1773		
4392	5333	4592	1870	
4393	5336	4593	1862	
